Word,Count
di,107
ss,2
yang,113
sy,3
brikan,1
developer,3
openai,99
sndiri,1
yg,86
bilang,6
kalau,20
ai,189
mreka,1
kembangkan,2
itu,43
pakai,18
material,2
bercopyright,1
berarti,2
sistemnya,1
mencuri,3
copyright,3
ada,72
utk,10
melindungi,1
karya,4
anda,8
rasa,4
etis,1
melanggar,1
tiadakan,1
saja,4
sistem,5
skalian,1
front,1
runner,1
dan,110
google,38
masih,16
banyak,21
lain,8
byk,1
concern,1
blg,2
regulasi,1
terkait,4
akses,18
tp,10
how,1
the,9
works,2
bagaimana,3
transparannya,1
pas,15
generate,5
gambar,8
atau,32
teks,2
dll,13
read,2
first,1
and,9
then,2
comment,1
ini,86
keren,7
sih,17
pake,40
gpt,333
untuk,65
regex,1
dari,39
bahasa,11
sehari-hari,4
anjir,6
ternyata,7
gue,26
bisa,105
paham,5
entirety,1
of,7
it,2
thanks,1
to,2
chatgpt,134
pro,5
tip,1
kalo,26
kalian,10
bingung,8
baca,15
agreement,1
hukum,2
minta,6
chat,192
jelasin,1
baby,1
language,1
part,2
ga,39
for,10
meee,1
is,10
wrong,1
upchar,3
tuh,13
emang,10
seru,3
apalagi,6
waktu,3
ngedit,1
tapi,35
kena,11
writters,1
block,1
mampus,1
ditambah,2
mau,29
tulisannya,1
gak,24
nyambung,1
fugh,1
freedom,1
bentuknya,1
org,9
udh,6
gw,16
hug,2
berapa,4
kali,2
ngerti,1
gsi,1
maksud,3
guee,1
ihhhh,1
sama,52
bayar,8
knp,3
konsul,1
tatap,1
muka,1
aja,23
can,2
do,4
better,7
than,5
this,2
apk,1
lah,8
tenang,5
nder,1
kan,12
udah,17
mah,3
skrg,5
dah,16
kasus,4
pk,1
plagiarism,1
malah,12
ikutan,2
naik,1
helpp,1
gimana,7
caranya,2
reset,1
punyaku,1
makin,4
tolil,1
gk,6
jelass,1
aaaa,1
tolol,3
masa,12
bekasi,1
kgk,1
tau,14
najis,1
semenjak,1
seliweran,1
salkir,1
bot,70
stiker,7
takutma,1
jugaaaa,1
ku,8
trust,2
issue,3
wkwkkw,2
bantu,6
banget,23
dalam,23
belajar,10
arab,2
bikin,17
prosesnya,1
jadi,26
lebih,34
efisien,1
efektif,1
misalnya,1
kita,28
chatbot,74
buat,38
pengalaman,2
atasi,1
masalah,4
teknologi,87
mahasiswa,2
sumpah,6
merindingg,1
beneran,6
takutt,1
liat,2
endingnya,1
nangis,1
bucin,1
padahal,10
cuma,4
minggu,1
anon,3
lupainnya,1
susah,5
amat,1
ya,67
cari,15
top,1
orang,21
bali,1
asli,9
dm,4
jgn,1
jelang,1
ulang,4
tahun,16
akun,25
weverse,1
jisung,4
nct,2
sikap,1
random,7
kembali,4
perhatian,2
dengan,48
mengubah,1
weverse-nya,1
menjadi,8
seperti,12
netizen,1
ramai,1
berkomentar,1
terkejut,1
kejutan,1
menjelang,1
tahunnya,2
apa,15
reaksi,1
cara,3
indosat,2
bukan,20
aku,85
butuh,17
pertolongan,1
nih,23
guysss,1
setting,2
timer,1
streamelements,1
timernya,1
pernah,6
keluar,2
live,2
kebanyakan,1
sedih,3
punya,7
temen,4
point,2
cxt,1
bebas,3
tanyain,2
ingin,3
kamu,21
wa,22
mana,17
lg,2
harus,11
salah,11
satu,9
fitur,6
analitica,1
platform,5
adalah,16
ica,1
ngejelasin,1
pembahasan,1
rumit,1
mudah,7
dipahami,1
diajak,1
diskusi,4
juga,27
looh,1
temen-temen,1
tolongin,1
mba,1
dia,20
diancam,1
manusia,15
cabul,1
nyebarin,1
identitasnya,1
kronologinya,1
mbakku,1
main,5
tele,3
awalnya,2
aneh-aneh,1
kaya,6
normal,1
biasanya,3
korang,4
boleh,15
guna,8
link,4
ni,31
check,2
klinik,3
prep,2
terdekat,2
contact,1
navigator,1
order,3
free,4
hiv,1
self-test,1
kit,2
ngo,1
your,1
mental,3
health,1
using,6
salam,2
silakan,1
dipastikan,1
tagihan,3
iuran,2
telah,7
lunas,1
sebelum,6
melakukan,6
pelaporan,1
penonaktifan,1
sahabat,2
dapat,21
cek,28
melalui,19
layanan,11
care,1
center,7
chika,2
assistant,2
jkn,2
whatsapp,15
terima,2
kasih,6
bara,1
diweb,1
info,12
pemilu,18
kak,25
kpu,5
aplikasi,10
terbaik,4
lowongan,1
analyst,1
shopee,1
lalu,8
saya,8
coba,11
analisa,8
kecocokkan,3
antara,2
resume,4
kualifikasi,1
dibutuhkan,1
diberikan,1
score,1
skala,1
sampai,4
hasilnya,2
segini,1
kontekstual,1
indonesia,13
jawaban,3
nya,21
no,7
dasar,2
teori,3
dipke,1
ngelakuin,1
penelitian,1
cth,1
skripsi,3
ttg,4
digunakan,3
seller,3
mempengaruhi,1
keputusan,1
buyer,1
sbuah,1
jdi,1
make,2
tamtechnology,1
acceptance,1
model,12
penerimaan,1
sesuatu,1
pd,1
seseorang,2
mainn,1
klasik,1
bacot,1
bgt,16
sampe,10
all,1
musuh,2
ngatain,2
history,1
rank,1
yaelah,2
bg,2
mengirim,1
menfess,1
sesuai,2
trigger,1
stop,2
normalize,1
pacaran,4
virtual,2
doang,7
perlu,5
dikabarin,1
setiap,6
hari,20
eh,4
tai,3
lu,8
yaa,5
anj,2
iya,3
an,2
tiap,1
minimal,2
sibuk,2
buka,4
hp,3
jangan,5
aktif,1
sosmed,2
capek,3
nungguin,1
kntllll,1
vs,20
copilot,3
gemini,35
natakaa,1
andae,1
space,1
tuzungumze,1
kuhusu,3
na,18
site,1
nyingine,1
tuangazie,1
katika,2
maeneo,1
yafwatayo,1
forex,1
ajira,1
content,1
creation,1
ongeza,1
eneo,1
unalotamani,1
tuzungumzie,1
ps,2
soon,2
nta,1
display,1
speakers,1
watakapo,1
confirm,1
kushiriki,1
kini,5
hadir,2
baru,25
menakjubkan,1
mampu,3
berbagai,8
tugas,20
menjawab,2
pertanyaan,5
menerjemahkan,2
menulis,2
kreatif,3
bahkan,2
membantu,11
menyelesaikan,2
pekerjaan,7
selengkapnya,4
nyari,4
bayuaji,1
dmn,1
hehehehe,2
corporate,2
training,6
tak,21
deploy,1
internal,1
powered,1
llm,6
kat,4
aslinya,1
dirombak,1
mereka,9
saling,1
tahu,7
kenalan,1
terus,13
berpapasan,1
dunia,7
nyata,1
menyapa,1
diabaikan,1
ketemu,2
timeline,1
berbeda,2
sehingga,4
enggak,2
kenal,2
begitupun,1
sebaliknya,1
ganti,8
brad,1
kenapa,14
hampir,4
segala,2
kebutuhan,2
alitengeneza,1
kwa,10
kutumia,2
api,19
ili,1
kuchagua,1
kuchat,1
wasichana,3
idadi,1
kubwa,2
hadi,2
akapata,1
yule,1
aliyeonekana,1
kufaa,1
kwake,1
tanya-tanya,1
ke,48
claude,2
buatan,13
anthropic,1
perbandingan,1
semua,8
presiden,4
aspek,1
penilaian,1
perkenalkan,1
kecerdasan,12
terbaru,2
hai,17
lagi,40
serentak,6
mendapatkan,7
informasi,9
kepemiluan,6
publik,6
scanbarcode,6
diatas,6
nomor,7
--,10
buset,3
komunikatif,1
keknya,3
rilis,3
pengganti,6
bard,23
amazon,1
perkenal,1
beli-belah,1
rufus,1
hiroko,2
hagakure,2
fuyuhiko,1
kuzuryu,1
made,3
group,3
bersiap,3
datang,3
tps,5
memantapkan,3
pilihanmu,3
yuk,4
profil,4
calonnya,3
berkunjung,3
ayo,3
berdayakan,1
kekebalan,1
tubuhmu,1
jaga,1
kesehatan,1
bersama,3
pertamina,1
ihc,6
klinikpertaminaihc,1
dapatkan,2
manfaat,1
luar,2
biasa,3
kami,5
lindungi,1
diri,2
tercinta,1
hubungi,3
manager,1
orangnya,1
langsung,7
kadang,3
sendiri,8
kemarin,3
disuruh,6
pilih,2
english,3
prefiew,1
minat,3
tweet,4
mara,1
baada,1
kuboresha,1
alexander,3
alikutana,1
kati,1
aliowachagua,1
ilimsaidia,1
pia,1
kujiandaa,1
appointment,1
kutoa,1
mapendekezo,1
mazungumzo,1
kok,10
jawab,9
trs,5
deh,2
cs,7
resmi,4
ubah,1
nama,10
nihh,1
bukti,1
terakhir,3
mjb,1
sudah,13
dpt,3
pps,1
jumla,1
walikutana,1
mwishowe,1
alimchagua,1
karina,2
inavutia,1
kugundua,1
kuwa,1
ilianza,1
mawasiliano,1
tangu,1
toleo,1
lake,1
la,6
kwanza,1
manychat,1
cuba,2
sure,1
keberkesanan,1
upsell,1
yakin,2
go,2
haha,3
djp,1
jam,6
percuma,1
gantikan,3
meluncurkan,1
allah,4
sugoi,1
hebat,3
pacar,4
halu,5
hilang,4
otome,1
hehe,1
semalem,1
jd,5
cegil,1
ngl,1
takut,2
kmrn,1
balesin,1
dr,10
pliss,2
malu,3
jodante,1
kmn,1
dibales,4
pke,1
kakak,2
avail,2
otp,1
malam,3
tungguin,1
berkuat,1
kuasa,1
pada,19
hingga,3
feb,2
pengguna,1
lebuh,1
raya,1
menghubungi,2
plusline,1
putri,1
menerusi,1
plus--,1
katanya,4
penghargaan,1
ujungnya,1
solusi,2
beda,4
jauh,4
dengerin,1
keluh,1
kesah,1
jutaan,2
playernya,1
game,3
bertahan,1
btw,4
customer,1
service,1
ngechat,1
grup,4
berasa,3
latihan,1
alias,2
direspon,1
coy,1
intuitive,1
hiring,2
conversational,1
bengaluru,1
karnataka,1
india,2
luncurkan,5
selamat,1
pagi,3
pemberitahuan,1
hybridbot,1
gunakan,1
silahkan,2
agar,2
proses,1
terimakasih,2
sticker,1
juag,1
pribadi,3
tanpa,12
si,8
jnt,2
kemaren,1
gini,7
mulu,6
bales,2
ngajuin,1
pengembalian,1
barang,2
respon,6
paket,2
generatif,1
unggulan,2
dampaknya,1
depan,5
resi,1
template,2
apakah,10
dipermainkan,1
kayak,8
pdf,2
tgk,1
youtube,1
min,1
download,1
video,6
tiktok,2
wm,1
telpon,1
jelas,3
inget,1
lewat,2
gabisa,2
ditarik,1
fak,1
milik,5
berganti,1
bertepatan,1
peluncuran,2
selulernya,1
amerika,2
serikat,1
kamis,2
-,6
belum,3
kirim,3
hmm,2
jie,5
wv,3
chatjpt,3
kokichi,1
oma,1
masaru,1
daimon,1
maki,1
harukawa,1
mantan,1
ketua,1
berita,1
meramalkan,1
krisis,1
wujud,2
bagi,12
wartawan,1
apabila,3
semakin,8
matang,1
agaknya,1
pegi,2
nosql,1
ingat,2
mongodb,2
tuk,1
ye,6
simpan,1
bentuk,1
document,1
tu,10
bila,6
nak,10
analytic,1
jem,1
payah,1
giler,1
syntax,1
pump,1
postgresql,1
pastu,2
analysis,2
last,1
tukar,1
postgre,1
je,8
so,4
persuasive,1
bish,1
berikut,4
fungsinya,1
sorry,1
jbjb,1
id,1
memberitahukan,1
bahwa,4
tidak,12
menggunakan,14
fisik,1
melainkan,2
perindividu,1
hoax,2
yah,3
teman,1
pemilih,2
sebenarnya,2
saat,5
memilih,1
februari,6
membaw,1
baru-baru,2
mengumumkan,5
penambahan,2
generasi,2
miliknya,2
bersaing,4
kompetitor,2
terkuatnya,2
plus,12
terlebih,3
dahulu,2
memiliki,2
kemampuan,2
serupa,2
artikel,9
hati-hati,2
peringatan,1
bagikan,2
data,11
help,4
rt,1
penipu,1
kronologi,1
beli,4
jasa,6
sewa,1
senin,1
emg,6
selasa,2
trf,1
uang,2
cuman,2
jumat,2
gada,1
konfirmasi,1
sekali,7
penyelesaian,1
selesai,1
kaga,1
emosi,2
samoo,1
bangun,2
disambut,1
ameeytha,1
terpantau,1
ameey,1
ngorok,1
luv,1
ugm,1
dpetnya,1
dri,3
seh,1
maaf,4
agak,2
katrok,1
pastikan,1
terdaftar,1
sebagai,7
peserta,1
pbpu,1
mandiri,1
pengecekan,1
status,1
kepesertaan,1
telegram,2
tks-tian,1
berada,3
peringkat,1
akhir,4
solo,1
hanya,4
membalas,1
nakal,1
hahahahahahaha,1
call,5
kangen,1
haikyuu,1
line,1
tipe,2
chating,1
intens,1
detik,2
selama,2
urgen,1
balas,7
selalu,7
looking,1
at,3
room,1
with,2
you,4
baik,7
anonim,1
simsimi,1
curhat,9
pb,1
voc,1
dipake,1
lampu,1
indikatornya,1
mati,3
isi,1
dayanya,1
jg,7
putus,2
matinya,1
itungan,1
pengajuan,1
garansi,1
fast,19
dimana,1
balesannya,1
lucu,2
wkwkwk,4
berbagi,1
sebong,1
konek,1
niat,1
hey,2
there,2
im,2
available,1
hourly,1
tonight,1
promise,1
ill,1
keep,1
our,3
convo,1
just,2
stay,1
in,8
roomchat,1
karena,13
gasuka,2
ngumbar-ngumbar,1
rahasia,1
lgsg,1
dibawah,3
cp,1
carrd,1
anak,6
bujang,1
dulu,6
bio,2
yaah,1
dsa,1
sicepat,2
menguji,1
kesabaran,1
penting,3
ngestuck,1
gudang,1
gajelas,1
cuih,1
acah,1
hahaha,2
anyway,1
tunjuk,2
polis,1
lesen,1
myjpj,1
lepas,6
sm,6
anjrit,1
ohh,1
gua,6
channel,2
gitu,9
jatuhnya,1
mirip-mirip,1
anonymous,1
versi,4
kah,4
pun,6
high,1
volume,1
apatah,2
tambah,2
staff,1
ppl,1
vibes,1
anjjj,1
tetep,2
sosok,1
jirlah,1
ud,1
malem,3
molor,1
bukannya,1
pengen,1
abis,3
ls,1
dpet,1
gmpang,1
menang,5
iseng,2
enak,2
kelar,1
wkwk,5
mengganti,1
sekedar,1
hal,5
tentu,1
dibarengi,1
seleret,1
kecanggihan,2
disematkannya,1
segera,3
reservasi,2
jadwal,2
dokter,2
infomasi,2
seputar,2
rs,2
telepon,2
mera,1
coding,2
sath,1
dooor,2
koi,1
taluk,1
laikin,1
abi,1
pre,3
engineering,2
me,6
tha,1
nimbuz,1
aik,2
app,3
hoti,1
chats,1
lye,1
us,1
per,3
nokia,1
keypad,1
walay,1
phone,1
use,2
ker,1
esy,2
bots,1
banata,1
thabhai,1
ap,1
sekhaty,1
ho,2
phr,1
student,1
hee,1
seekhty,1
gy,1
telemed,1
cakep,1
lo,3
anjing,3
bgtt,1
monyet,1
lama,5
stuck,2
taik,1
dajjal,1
paketnya,1
anjingg,1
tinggal,3
kepastian,2
ilang,1
yaudah,3
ikhlasin,1
ah,2
jualanku,1
kendala,1
hifi,3
website,4
email,5
contactiohcoid,1
tekan,1
indira,1
my,1
kasihleya,1
siap,4
enak-enak,1
tidur,5
kebangun,1
bneran,1
dejavu,1
notip,1
bbl,1
haechan,1
merilis,2
pemanfaatan,1
pelanggan,1
meningkatkan,4
efisiensi,1
responsivitas,1
industri,4
aniespresidenpkspartaiku,1
komplain,1
takutnya,1
tadi,3
gatau,1
entah,2
kemana,1
cowok,1
cmn,1
tanya,9
program,1
ganjar,3
mahfud,1
demo,2
wordpress,2
bunuh,4
dreamweaver,1
coders,1
no-code,1
robotics,1
blue,2
collar,1
jobs,1
creative,2
talents,1
professionals,1
akan,18
dibunuh,1
agi,1
medical,1
checkup,1
report,4
pon,3
upload,1
explain,1
doktor,1
blood,1
test,1
rand,1
ginian,2
gara,1
tdi,1
kucingku,1
nglindur,1
ngeong,1
gtu,1
tpi,2
jual,9
tawarin,3
nah,8
tarot,1
reader,1
contextbackground,1
detail,3
supaya,1
ngasih,2
hasil,5
client,2
betul,4
tingkat,2
resonate,1
tidaknya,1
bergantung,1
keyword,1
cr,1
isteri,2
bersihkan,1
kabinet,1
dapur,1
campuran,2
air,3
suam,1
cuka,1
sabun,1
basuh,1
pinggan,1
bersih,1
memang,4
berkesan,1
mengenai,2
need,5
sekarang,15
sharing,16
dong,8
rekomendasi,1
tentang,9
essentials,1
mastery,1
magic,1
harvard,1
introduction,1
microsoft,4
basics,1
pacarku,3
nanya,5
kedetect,1
setelah,6
surat,1
sepanjang,1
halaman,1
deteksi,1
suratku,1
responnya,1
sastra,1
inggris,2
semester,1
cont,1
look,1
fafifu,1
wasweswos,1
tax,1
money,1
berubah,2
beginian,2
sekitar,1
okt,1
dokumen,1
sempet,2
rame,1
karna,1
beberapa,4
bahasan,1
ditulis,1
by,4
sering,3
konseling,2
online,2
dikasih,5
saran,1
cenderung,1
umum,1
ketika,2
follow,2
up,2
pasti,5
kejelasan,1
lanjut,2
kek,4
mr,1
unul,1
nilai,2
essay,8
garap,1
dgn,9
balance,1
wtb,8
kakkk,1
propremium,1
web,5
bermanfaat,2
proques,1
referensi,4
universitas,1
humata,1
reviewrangkum,1
jurnal,4
elicit,1
riset,1
jurusan,2
mendelay,1
sitasi,1
amp,23
ditanya,1
ajg,1
niih,2
langganan,5
guys,4
adakah,2
apanya,1
premium,5
drop,2
harga,16
jumlah,1
user,3
anies,3
hidup,2
hamare,2
pyare,2
ka,9
dimag,2
wahh,2
mcm,2
function,1
klau,1
malas,2
intro,1
conclusion,1
cepet,2
prem,3
apal,1
templatenya,1
padu,1
ayat,1
bm,1
kopipen,1
jumpa,1
tools,4
fine,2
tune,1
kepada,4
specific,1
task,1
bye,1
prompt,7
panjang,1
masukkan,1
product,1
headline,1
bosan,2
weh,1
study,2
try,3
search,2
ketiga,1
amek,1
take,1
note,1
okay,2
proof,4
skrng,1
mpenzi,1
wangu,1
hanitafti,1
nikaamu,1
nijiliwaze,1
everybody,1
say,1
itampa,1
mtu,3
sup,1
hivi,3
sehari,2
ready,18
kbulan,15
testimoni,15
pinned,15
yahh,15
response,15
deiii,1
ivana,1
summa,2
irukka,1
sollunga,1
da,3
kunja,1
kadichu,1
irukaan,1
rigczem,1
cinta,1
menikah,1
celeng,1
tarif,1
rebu,1
ibadah,3
itumah,1
br,2
denger,3
bs,2
sirah,2
nabawi,2
substansinya,2
spt,3
twitkan,2
thn,6
penulis,3
awal,3
ibn,6
isaq,2
bagdad,2
kairo,4
kemudian,4
dilanjut,2
hisyam,2
mesir,2
naskah,2
ishaq,2
transkip,2
menurutku,1
akurat,2
dibanding,1
bulan,8
private,4
brp,1
syok,2
turnitin,4
quillbot,3
unlock,1
docs,2
deeptalksod,1
lapaknya,1
solusinya,3
bru,1
pantun,1
besok,3
bilik,1
biar,4
mantab,1
pls,3
cpk,1
koentji,1
joki,17
buatin,4
kalimat,3
jepang,1
letak,1
kondisi,1
kota,1
ngikutin,1
pila,1
bawah,2
translatechat,1
thats,3
pencapaian,1
tertinggi,1
debat,2
lawan,2
ghadi,2
ntl,2
rbo,2
jarang,1
limit,2
ina-ataina,1
fun,1
awon,1
tan,1
shey,1
thread,2
nowadays,1
mgodi,1
pesa,1
unaweza,1
kutengeneza,2
mpaka,1
siku,1
japo,1
watu,2
wengi,1
hawajui,1
unahitaji,1
simu,2
laptop,1
internet,4
connection,1
kila,3
anaweza,1
kufanya,4
bookmark,1
later,1
imenipush,1
sana,4
kwenye,5
kupata,1
affiliate,1
begini,4
berantem,2
ma,2
coworker,1
ay,1
dass,1
dey,1
oda,1
shajra,1
ki,6
privat,2
sebulan,1
kl,2
cust,1
iku,1
pa,1
hoy,1
maksudnya,2
nulis,2
dituduh,1
kedeteksi,2
apalah,1
sasing,1
jir,3
ngapain,2
tmi,1
marah,1
hadeh,1
sebel,1
rl,1
cw,1
politic,1
taraf,1
secapek,2
berusaha,1
menyadarkan,1
terdekatmu,1
editor,1
freelancer,1
freepik,1
envato,1
renderforest,1
motion,1
array,1
doratoon,1
placeit,1
trusted,2
penunjang,1
kuliah,4
perplexity,3
mathway,1
scribd,1
quizlet,1
zoom,2
deepl,1
table,1
comel,1
sikit,3
daripada,3
shar,2
soalnya,3
fhku,2
kosong,3
bhal,1
khtasser,1
lik,1
lwet,1
wlad,1
lqhab,1
github,4
repo,2
scaling,2
apim,2
ptus,2
tpms,2
cepat,3
mabka,1
maytkhba,1
ana,1
mssahba,1
mea,1
nimechoka,2
kujificha,2
mimi,2
ndio,2
huwa,2
najibu,2
maswali,3
yenu,2
pale,2
bayangin,3
gmn,2
confess,1
kating,1
opress,1
join,1
mencari,1
au,2
fluff,1
michaeng,1
sini,6
noam,1
chomsky,1
berdiskusi,1
moral,3
bertanya,1
persoalan,1
amoral,1
rencana,1
akhbar,1
seninya,1
sebarangan,1
mengambil,1
jalan,1
membabitkan,1
kepakaran,1
autoriti,1
jerai,1
apapun,3
masalahnya,2
kuncinya,2
kasian,3
muak,1
ngobrol,6
trimakasii,1
mimpi,3
hahahahah,1
macamni,1
nampak,2
betapa,1
banyaknya,1
kecik,1
takboleh,1
fikir,1
list,1
down,2
jobscopes,1
or,9
interview,1
pick,1
experience,1
situ,1
penelusuran,1
bahlil,1
mirip,1
narasi-narasi,1
diawal,1
gerakan,2
reformasi,1
menganggap,1
bersifat,1
partisan,1
waache,1
kulalamika,1
kuhisi,1
kitu,1
wanakalipiwa,1
kushindwa,1
kuandika,1
uzembe,1
kujifunza,3
hasa,1
zama,1
hizi,1
za,4
shukuru,1
umefundishwa,1
muda,2
unaotumia,1
kujudge,1
tone,1
aliyekueleza,1
nenda,1
katumie,1
best,1
tips,2
cold,1
emailing,1
ughh,1
tetibe,1
rindu,1
lak,1
genti,1
boa,1
hadiah,2
seneng,1
terharu,1
sayang,1
grammar,2
percaya,1
pacarnya,2
happy,2
ketauan,2
dapet,3
gapapa,2
temen-temenku,1
haaa,2
cape,3
sakit,2
nanti,3
hubungin,1
managerku,1
satset,1
yaaa,2
zhadan,1
aliamua,1
mfumo,2
kutafuta,1
upendo,1
wake,1
kweli,1
kuchumbiana,1
tinder,1
dating,2
berani,2
menyuarakan,1
kebenaran,1
kalah,2
mtoto,1
punda,1
unamjua,1
wewe,1
comments,1
yako,1
inasemaje,1
kumpulan,2
perintah,1
copy,1
paste,1
sesuaikan,1
kebutuhanmu,1
crossover,1
danmei,1
sender,2
babu,1
describe,1
karakter,2
kesukaan,1
genshin,1
masuk,5
akal,2
dicoba,1
ges,1
usaram,1
mencoba,4
kerjaan,2
mnrt,1
oke,2
have,2
checked,1
paid,1
version,2
bannange,1
mutulekeemu,1
mututwaala,1
speed,1
enda,1
kozesa,1
kano,1
lwakuba,1
lettetr,1
yebulamu,1
toh,2
aadu,1
nunchi,2
etthukocchadumeeremo,1
ias,1
ips,1
mbbs,1
frcs,1
ani,1
disco,1
pedthunnaru,1
penasaran,3
milih,1
ato,1
semuanya,3
suka,5
sayangnya,1
populer,2
pergantian,1
strategi,1
branding,1
ampe,2
gunain,2
tab,1
ajr,1
jawabnya,1
yatangaje,1
ko,4
yahinduriwe,1
izina,1
yitwa,1
mu,3
gukomeza,1
kwagura,1
imikorere,1
yayo,1
kurushaho,1
guhatana,1
izindi,2
porogaramu,1
zikora,1
buryo,1
bumwe,1
zirimo,1
build,1
sell,1
applications,2
inaweza,1
kukusaidia,1
kazi,1
zote,1
craft,1
marketing,2
iwe,1
appstore,1
playstore,1
asal,4
usul,2
sound,2
system,2
horeg,2
menurut,3
mending,4
ama,2
seaneh,1
curhatan,1
balesan,1
advanced,1
sabi,1
ingfooo,1
fastrep,1
bhanda,1
xa,1
run,2
rangulalo,1
kalavo,1
lofi,1
garage,1
sounds,1
perguntando,1
sobre,1
mim,1
mesmo,1
fhat,1
mini,1
alhamdulillah,2
day,1
kurang,2
komplit,1
umumnya,1
usia,1
kerja,8
ipk,2
nyaris,1
sempurna,2
menguasai,2
konten,4
office,1
terbiasa,1
drive,1
notion,2
slack,2
fotografi,1
edit,2
foto,2
bjir,1
kata,5
teh,2
dih,1
bener,5
voice,2
command,2
slipkol,1
script,1
percakapaan,1
saking,1
ngenesnya,1
ngomong,1
es,1
basura,1
gerona,1
olodo,1
suar,1
principles,1
bat,1
tou,1
hi,2
kar,3
drpd,2
drip,1
guemah,1
klo,3
nonton,3
konser,1
walah,1
penculik,1
ab,1
hogi,1
controversy,1
aba,1
barezi,1
bari,2
kunkura,1
munda,1
kandi,1
kubikopera,1
kuri,1
sha,1
muragirango,1
munyice,1
gemini-pro,1
gpt-,3
fk,2
tepat,2
pbl,1
open,21
pkn,18
pancasila,18
salamat,1
hii,1
mtihani,1
foreign,1
policy,1
naona,1
nikiwa,1
besties,1
paling,8
keorang,1
gong,1
xi,1
fa,1
cai,1
pak,7
gptbing,1
semisal,1
tambahan,1
grammarly,1
but,5
ngecek,1
parafrase,9
kya,1
achar,1
dalu,1
dhang,1
watch,1
nahi,2
mil,1
raha,1
yar,1
wins,1
hirap,1
gumawa,1
lab,1
pag,1
puro,1
kagrupo,1
omcm,1
bsdk,6
dikh,3
rhi,3
yeh,7
asia,1
cup,1
innings,1
dharavi,2
school,2
nhi,2
sikhate,1
when,1
son,1
codeee,1
bsxpvx,1
qqsaeudy,1
zstpmjp,1
welbawzcw,1
nadinzgpho,1
gasie,1
mikir,1
keras,1
walaupun,1
gapunya,1
perasaan,1
hallo,9
kewarganegaraan,7
mengerjakan,1
makalah,7
soal,10
dikerjakan,4
secara,3
maksimal,1
full,6
olah,1
bantuan,1
andai,1
naroh,1
charger,1
kira,3
resign,1
se,2
approx,1
lines,1
code,3
likhwaya,1
halo,6
khusus,2
essayartikel,9
bertema,7
essaypilgan,4
kasusfilm,2
ppt,5
pengerjaan,8
manual,8
aichat,7
membuat,3
termasuk,3
argumentasi,2
opini,2
jaminan,2
plagiasi,2
pastinya,2
testi,6
zayne,1
anjinrt,1
linux,1
file,4
case,2
kepake,1
nge-format,1
json,3
filter,1
mac,1
install,1
jq,1
mainin,1
sua,1
diva,1
lamun,1
buntu,1
terahir,1
melangkah,1
maju,5
ceo,8
sam,8
altman,8
penambahbaikan,3
signifikan,4
kualiti,3
output,4
maklum,4
njir,1
aankhein,2
kharab,2
plagiat,2
aigpt,1
morning,2
jugak,1
budak-budak,1
business,2
etc,6
balik,1
selisih,1
bertegur,1
am,1
like,2
relax,1
halalkan,1
everyone,1
learned,1
their,1
lessons,1
certainly,1
did,1
kdg,1
rupeng,1
kyk,2
ngbrl,1
jeet,1
siang,1
saranku,1
ancur,1
perkara,1
ketakutan,1
headlock,1
shownu,1
hercules,1
segede,1
please,1
humor,1
sebatas,1
usn,1
miley,24
cyrus,23
uo,1
benernya,1
sedikit,3
utm,1
sulit,2
copas,1
gptartikel,1
terindikasi,1
ujian,1
nyontekbuka,1
der,1
mayli,1
bratlar,1
dedik,1
aslida,1
undan,1
foydalanish,1
zor,1
faqat,1
hukm,1
chiqarmoqchi,1
bolsangiz,1
qaysidir,1
masalada,1
mutaxassisligingizdan,1
kelib,1
chiqib,1
qiling,1
mutaxassisligingizga,1
kerakli,1
joyida,1
foydalansangiz,1
yaxshi,1
shuni,1
uchun,3
ozingizga,1
kerak,1
joyidan,1
foydalaning,1
faqihlik,1
qilmasdan,1
ida,1
lgi,1
gmna,1
gelora,1
bang,3
toyib,1
buku,4
lupa,3
penat,1
macam,3
buang,1
sebabnya,1
takde,1
sapa,1
ajar,2
membaca,2
siot,1
meh,1
senang,1
benda,1
pembuatan,2
protocol,1
et,1
biston,1
doa,1
penyembahan,1
gereja,2
kristus,2
raja,2
kalinona,2
nabire,2
siapa,3
erlan,1
pratafi,1
bisanya,1
bocoran,1
dosen,3
ngecheck,1
mimin,1
ei,1
mnakapitia,1
bana,1
kyai,2
nu,2
sakti,1
muhammadiyah,2
gweh,2
grgr,1
tbtb,1
caption,1
deadlinenya,1
postan,1
sekre,1
subjek,1
dapatkah,1
dituntut,1
berterimakasih,1
dadang,1
ramadhan,1
lamar,1
cover,1
latter,1
apply,1
ratusan,1
lamaran,1
gus,2
tag,1
via,2
grok,1
kia,1
bawasir,1
bna,1
hy,1
ak,2
dipanggil,1
jpt,2
wkwkw,1
biasmu,1
update,3
namanya,2
neo,1
technology,1
kaleng,2
tiba,2
keinget,1
kayanya,2
liburannya,1
kelamaan,1
jawabannya,3
moreee,1
comforting,1
human,1
kepikiran,1
ball,1
duck,1
ropig,1
padhni,1
aati,1
sikhaya,1
lulusan,1
dodol,1
kopi,1
melihat,2
wording,1
ndo,1
panuvangalo,1
kuda,1
thonudhu,1
frands,1
bible,1
uts,1
dimarahin,1
auto,3
gerak,1
tangan,1
not,1
jisungah,1
stres,2
curhatnya,1
gwlah,1
tersebut,5
mi,2
uniko,1
real,2
bno,1
bai,2
pallo,1
didi,1
dard,1
bahut,1
hua,1
selain,1
ajak,1
chart,1
inaifahamu,1
timu,1
makolo,1
bhn,1
nilikua,1
sijui,1
terimakasii,1
monyed,1
ngpo,1
dg,2
cokk,1
simulator,2
cak,3
imin,2
subur-subur,1
thrandual,1
barbell,1
punyana,1
vadi,1
mail,1
draft,1
cheyadam,1
nerchukunnaru,1
anamata,1
makasih,1
bezir,1
bet,1
pikirin,1
trending,1
tengs,1
dam,1
validasi,1
respons,1
pemenang,1
pilpres,1
ri,1
behavior,1
hola,1
jika,2
ekspresi,1
acting,1
belaka,1
maka,2
beliau,3
layak,1
piala,1
oscar,1
jancok,1
mbrebes,1
mili,1
cok,2
pelit,1
taun,1
panitia,1
surcharge,1
dekh,2
le,2
mbah,2
catat,1
diandalkan,1
memberikan,3
ide,2
logic,1
custom,4
berguna,2
backtest,1
tradingview,1
dhoni,1
kohli,1
hardik,1
jo,1
bach,1
gya,1
partai,1
aew,1
mmng,1
star,1
drained,1
makanya,3
atuh,1
brendis,1
kirain,2
contraband,1
menit,1
gundar,1
artinya,3
wkwkwkkwkwkwkwkwkwkwk,1
delete,1
kumisnya,1
tiwas,1
mumet,1
chagpt,1
hdpm,1
merci,1
kwn,1
pilgan,1
pdk,1
ultra,2
lt,2
eu,1
pedi,1
tektias,1
kucing,1
pantas,1
gbla,1
sunyi,1
relate,2
peluang,1
digital,9
innovation,1
laporan,1
studi,1
genz,1
dilakukan,1
disini,1
dengesadu,1
bro,2
waktunya,1
perubahan,3
dpr,1
dpd,1
dprd,1
yak,2
blom,1
yol,1
spesialisasi,1
krl,1
bizarro,1
gpp,2
liburanku,1
didikan,1
tho,1
meski,1
diuji,1
oleh,9
tokopedia,1
sejumlah,1
perusahaan,2
sea-lion,1
sebuah,2
permulaan,1
besar,1
asean,1
paksa,1
bu,1
mega,1
pingsan,1
langsing-langsing,1
gpts,1
pekan,2
angka,2
tampaknya,1
gm,1
tengah,2
cyrussssssssssssss,1
gn,1
rii,1
fresh,1
codes,1
wefgfnhy,1
asmkplsj,1
pnyltc,1
mast,1
stats,1
sekelompok,1
pong,1
ustadh,2
otdik,1
phenomenology,1
spirit,1
sebab,4
vokal,1
bab,1
mungkin,5
apps,2
dtg,1
produktiviti,1
pasukan,1
plan,1
integrasi,2
shopify,1
woocommerce,1
embrace,1
dlm,2
dayday,1
ops,1
menggantikan,3
teaser,1
knows,2
memanfaatkan,7
openais,1
has,4
opinions,1
trading,1
investing,1
habari,1
kusisimua,1
ripoti,2
wiki,1
mbili,1
sasisho,2
punde,1
mtandao,1
matrix,3
ziko,1
hapa,1
machi,1
iko,1
gundua,1
jinsi,1
manta,1
mashine,1
otomatiki,1
unaosambazwa,1
unavyofungua,1
njia,1
miundo,1
kisasa,1
mainnet,2
morpheus,1
utangulizi,1
umefika,1
man,3
sadar,1
fomo,1
berbau,1
bert,1
dkk,2
sementara,2
benci,1
nlp,1
hijacking,1
membanggakan,1
pinter,2
kecil,1
ulasan,1
melulu,1
sekolahnya,1
concept,1
crypto,3
exchange,1
indodax,4
overview,1
disclaimer,1
prototype,1
didukung,3
orc,1
bas,1
bhai,1
janna,1
bold,2
on,2
jering,1
anjay,1
summarizing,1
kant,1
gpt--sql,1
generates,1
similar,1
reviews,1
attempt,1
poetry,1
catalan,1
tunajua,1
ukiwa,1
unatumia,1
inaukomo,1
taarifa,1
angalia,1
picha,1
hapo,1
nimepa,1
articles,1
nying,1
kinachoendelea,1
imeweza,1
kujib,1
endelea,2
uzi,1
rahisi,1
nimekuwekea,1
namna,1
kuifundisha,1
utapenda,1
repost,1
ratio,1
jambo,1
linakuja,1
algoriti,1
zinakuja,1
kufuatilia,1
zaidi,2
spoken,1
nr,2
sushi,1
cheerbot,1
menarik,2
konsepnya,2
discrap,1
diproses,1
gptembedding,2
twitter,5
modelan,1
otomatis,1
posting,1
nemuin,1
anomali,2
lonjakan,1
kekayaan,1
singkat,1
pejabat,1
negara,2
says,3
mmg,3
savage,1
sql,1
injection,1
bagai,1
sopan,1
programmer,2
struktur,1
idenya,1
digenerate,1
beres,1
same,1
wrapper,1
sashabaranovgo-gpt,1
barnum,1
between,1
pendekatan,1
selesaikan,1
sd,1
nyoba,1
senior,2
management,1
kekekekekek,1
chatgpt-nya,1
om,2
johar,1
lagu,2
ass,3
thepiratebay,1
hace,1
gaslighting,1
strikes,1
again,1
meets,1
dall-,2
sab,2
pyaara,1
pawa,3
lahore,3
haseen,1
nazaara,1
akhtar,2
lawa,2
dil,1
mein,1
generated,2
dua,4
kualitas,1
penalaran,1
di-train,1
materi,2
serius,2
baiknya,1
gpt-excelspreadsheetshiz,1
kabar,2
gembiranya,2
turbo,2
turun,6
sob,3
murah,4
harganya,2
berefek,2
turunnya,3
pula,3
biaya,2
produksi,2
instruction,2
jawapan,1
setel,1
betulkan,1
berbaloi,1
yes,1
sarah,1
walker,1
gptvision,1
ferrari,2
toyota,1
apology,1
pkl,1
wib,1
narenda,1
wicaksono,1
membahas,1
peran,4
dossier,1
berdasarkan,2
summary,1
media,1
sosialnya,1
berbasis,1
bakal,8
laku,1
nggak,2
kalangan,2
hrd,2
contracts,1
semacam,1
palantir,2
crawling,2
summarize,1
profile,1
openaigpt,1
expert,1
aiml,1
remote,1
easy,1
kepantasan,1
kemajuan,2
sukar,1
ditandingi,1
berkembang,4
tempoh,1
enam,1
sahaja,1
memperlihatkan,1
pengembangan,2
terjadi,1
ila,1
tafta,1
iliokuwa,1
customised,1
copywritting,1
think,1
zitakuwepo,1
now,2
anaejua,1
kuituma,1
hiyo,1
plain,1
ataiona,1
impact,1
learn,1
ignore,1
iyaa,1
emangg,1
seruu,1
berbayar,4
utamanya,1
sebenernya,4
memori,1
nginget,1
konteks,1
nol,1
mendeteksi,1
parameter,1
kompleks,1
adanya,2
tanah,1
dsb,1
that,1
poatungan,1
any,1
other,1
purpose,1
dibantu,1
changing,1
usiniongeleshe,1
woorkiingg,1
closed,1
ygy,1
query,1
cancel,1
far,1
memudahkan,1
setup,1
plak,1
cut,1
cost,1
de,3
bing,2
ia,3
modo,1
pop,1
limited,1
rudishia,1
tex,1
pembaruan,2
memberi,4
petunjuk,2
kemungkinan,4
peningkatan,2
periksa,2
atas,2
jelasnya,2
daftar,2
ketara,1
performance,1
tertarik,2
eksplorasi,2
gpt-mu,2
share,4
kreasi,2
ai-mu,2
komunitas,2
bersemangat,2
naah,1
dhanda,1
chaupat,1
dega,1
subscription,1
superbowl,2
ad,2
rumors,1
legit,1
ampuh,1
multimodal,1
canggih,3
pm,1
reasoningnya,1
slightly,1
casual,1
mainan,1
ok,1
dibatesin,1
behind,1
gun,1
jadiin,1
guide,1
worthy,1
assistance,1
buta,1
soalan,1
software,1
certain,1
accurate,1
kt,1
hang,3
reti,1
fully,1
utilize,1
guwa,1
alhmdulillah,1
geran,1
mdec,1
ehe,1
bodoh,1
pandai,1
hihi,1
suruh,1
useful,1
since,1
mengarut,1
bnyk,1
alternative,1
sangat,3
mmebuat,1
asis,1
ekonometrik,1
price,1
reply,1
mistral,1
next,2
ou,1
enfin,1
pris,1
al,1
hamdulillah,1
michelangelo,1
david,1
various,1
styles,1
gpt-level,1
hallucinating,1
rn,1
gt,4
fyi,1
gratis,2
trial,1
alternatif,1
sejauh,1
vision,3
mind,1
blowing,1
iphone,3
ibox,1
diskon,1
besaran,1
gb,1
juta,2
dicurigai,1
bbrp,1
alasan,1
apple,3
ngmi,2
patungan,2
mauu,2
mantep,1
manggil,1
gpt-vision,1
dipakai,1
harian,2
peneliti,2
berbayarnya,1
idr,1
perbulanlebih,1
dikit,1
sepaket,1
one,1
subscribetb,1
storage,1
tertariknya,1
entar,1
gmail,1
about,1
qazi,1
isa,1
mehhhh,1
brilliant,1
labs,1
kacamata,1
ucapan,1
shared,1
month,1
muter,1
disitu,2
ptg,1
key,2
copium,1
achaa,1
meko,1
zara,1
login,1
credentials,1
gptgt,1
uniknya,1
dites,1
menangnya,1
writing,1
jelek,2
liverpool,1
amesema,1
ariyan,1
sunsrise,1
imepata,1
nyinyi,1
nje,1
ozida,1
ham,1
qildim,1
har,1
xil,1
variantlar,1
berdi,1
hits,4
bln,4
revenue,4
milestone,4
openapi,1
lots,1
out,1
melampau,1
mengatakan,1
mempopularkan,1
penggunaan,4
aktiviti,1
nokos,1
verif,3
doonggg,1
gotta,1
yapping,1
rumor,1
nomer,1
bill,1
from,2
import,1
tuhan,2
hambanya,1
kerjakan,1
menciptakan,4
respect,1
god,1
menyalaa,1
tuhanku,1
oh,1
license,1
masing,1
dijelaskan,1
masukin,1
kategori,1
mn,1
sdh,1
atur,1
sign,1
diatur,1
digunain,1
sedang,2
membangunkan,1
mengawal,1
sesebuah,1
peranti,1
pekerja,2
meminta,1
mencarikan,1
filsuf-filsuf,1
serasi,1
kandidat,1
capres,2
ilustrasi,1
masing-masing,1
pranowo,2
dalle,4
aka,2
cheatsheet,1
ft,3
meta,2
mulai,2
label,1
dihasilkan,1
lainnya,2
va,2
umuman,1
itwebsmm,1
sohasida,1
ishlovchilar,1
servis,1
hozircha,2
bepul,2
qr,1
kod,1
bio-sahifa,1
qisqa,1
havola,1
yaratish,1
barchasini,1
analiz,1
qilishdan,1
tashqari,1
orqali,1
sayt,1
reklama,1
oyalar,1
generatsiya,1
qilsa,1
bo,1
ladi,1
photos,1
stabilityai,1
stable-diffusion--,1
dall,2
midjourney,3
clear,1
weather,1
qiqihar,1
china,1
gov,1
jemput,2
pakar,2
drp,1
bekerjasama,1
tempatan,2
hasilkan,1
coming,1
larp,1
sepatutnya,1
compatibility,10
hmmmmm,1
ollama,5
blog,1
diinputkan,1
didapat,1
keserasian,1
wen,1
mfa,1
paper,1
cpa,4
alat,2
sembilan,1
staf,1
kampanye,2
reuters,1
prabowo,3
koordinator,1
tim,2
digitalnya,1
msft,1
elon,4
musk,2
simak,1
cerita,1
lengkapnya,1
cooked,1
kes,2
mk,1
bilir,1
zeka,1
non,1
profit,1
safety,1
organisation,1
releases,3
ufahdhaa,1
photo,1
thah,1
water,1
mark,1
kuran,1
nimmaifi,1
embeddings,1
menambahkan,1
metadata,1
dibuat,1
openai-compatible,1
nice,1
pembangun,1
rabbit,2
menunjukkan,2
os,1
diajar,1
kamera,1
dilatih,1
kemudiannya,1
tugasan,1
semula,1
pengawasan,1
lho,4
mengakui,1
pdhl,1
pembuat,1
menerapkan,1
berkata,1
pihaknya,1
menambah,1
memastikan,1
berbanding,1
stablediffusion,1
asset,2
ijin,1
sok,2
regulation,1
problem,1
dibilang,1
mencolong,1
berkali-kali,1
sio,1
hizo,1
walizonazo,1
wana,1
closedai,1
mengejar,1
triliunan,1
proyek,1
chips,1
karim,1
pabrik,2
chip,2
bos,1
penggalangan,1
dana,3
sayti,1
ilovasi,1
rhackernews,1
perhatiannya,1
terhadap,3
sejak,1
pembentukan,1
genai,1
suksesnya,1
anji,1
whisper,1
cc,1
samsung,1
didirikan,1
bertemu,2
tokoh,1
sillicon,1
valley,1
dikenal,2
disruptor,1
global,1
sedangkan,1
combinator,1
apis,1
ganjar-mahfud,1
bawa,1
positif,1
keluarga,1
rakyat,2
ngga,2
dibeli,1
dicharge,1
mahal,2
sebelumnya,1
dihapus,1
hadiir,1
kv,2
kaak,1
galah,1
un,1
honeypot,1
que,1
usa,1
palatao,1
rasanya,2
punca,1
release,1
big,1
server,2
cukup,2
kos,1
terlalu,1
current,1
pricing,1
nvidia,1
sajeeeuu,1
kabarnya,1
menggalang,1
membangun,1
dikumpulkan,1
jumlahnya,1
rp,1
kuadriliun,1
provider,1
generator,2
shuriken,2
autopost,2
maupun,1
support,1
tersedia,2
long,1
kering,1
lvmh,1
short,1
goblin,1
terkecohtak,1
editan,2
lihat,1
kelompok,1
peristiwa,1
posisi,1
pakaian,1
fix,1
trends,1
muncul,2
kacau,1
aturan,1
dikembangkan,1
para,2
university,1
waterloo,1
ontario,1
kanada,1
spektroskopi,1
artificial,4
intelligence,5
mengidentifikasi,1
keberadaan,1
mikroplastik,1
limbah,1
mempersiapkan,1
era,3
keterampilan,1
emosional,1
kritis,1
bersikaplah,1
fleksibel,1
beradaptasi,2
art,4
diperbolehkan,1
perkembangan,6
seniman,3
niru,1
gaya,1
gaada,1
benar,1
orisinal,1
gabungan,1
inspirasi,1
dikreasikan,1
tian,1
jing,1
setujukah,1
ladang,1
tempur,1
persaingan,1
isu,1
utama,1
perang,1
pendapat,1
kolom,1
komentar,1
blockchain,3
disruptif,1
syahdu,1
ngerapihin,1
rekaman,1
red,2
album,1
fuhhh,1
ek,1
baran,1
pulak,1
reported,1
associated,1
jenayah,3
melibatkan,1
source,1
disabilitas,2
kapan,1
digantikan,1
rupanya,1
robot,2
zaman,5
its,1
struggle,1
semalam,1
yb,1
tuan,1
gobind,1
singh,1
deo,1
menteri,2
malaysia,1
langkah,2
memudahcara,1
pelaburan,1
sebahagian,1
usaha,1
kerajaan,1
memacu,1
transformasi,1
terutamanya,1
pengkomputeran,1
awan,1
ekonomi,1
deep,2
fake,2
ditemui,1
namun,1
sobat,1
polri,1
waspada,1
bertanggung,1
menyalahgunakan,1
pelecehan,1
menyebarkan,1
pornografi,1
kejahatan,1
ujaran,1
kebencian,1
perlahan,1
sejarawan,1
apakh,1
bapak,1
sby,2
mohon,1
umkm,2
luas,1
sumbangsih,1
ternilai,1
peradaban,1
gulungan,2
papirus,1
menghitam,1
akibat,2
letusan,1
gunung,2
vesuvius,1
masehi,1
berhasil,1
teridentifikasi,1
keuangan,2
tertulis,1
kode,2
jadilah,1
sukses,1
mata,2
kripto,1
desentralisasi,1
metaverse,1
kmren,1
iot,1
drone,1
nggaada,1
maunya,1
against,1
artchatgpt,1
keseringan,1
harusnya,2
bangga,1
some,1
shame,1
suata,1
pesan,1
eyang,1
soeharto,1
iso,1
create,1
wkwkwkwwk,1
coblos,1
muhaimin,1
hmmm,1
memaksimalkan,1
ngebantu,1
se-penting,1
ngopi,1
darat,1
bareng,1
pim,1
santai,1
bersahabat,1
ngerasa,1
bhw,1
suatu,1
konsep,2
paslon,2
gibran,2
ditiru,1
presidenwakil,1
tetangga,1
akhirnya,1
dibendung,1
penuhi,1
permintaan,1
kaji,1
wujudkan,1
fakulti,1
berkaitan,1
pendidikan,1
tinggi,1
penerapan,1
kehidupan,1
bidang,2
lazim,1
diterapkan,1
smart,2
speaker,1
driving,1
car,1
paralel,1
algoritma,2
face,1
recognition,1
sodaraan,1
berhimpun,1
seair,1
seminyak,1
minyak,1
himpunan,1
semestanya,1
beririsan,1
speaking,1
miskonsepsi,1
awikwok,1
learningnya,1
nyomot,1
wah,1
kekinian,1
dianggap,2
melek,1
dijawab,1
kebetulan,1
menjadikan,2
tetap,1
relevan,1
menyediakan,1
dipelajari,1
satunya,2
cloud,1
skills,1
boost,1
generative,1
developers,1
learning,1
path,1
mengarungi,1
eng,1
trnyata,1
jujur,1
sihh,1
fitnah,1
anjr,1
commission,1
bnr,1
hsil,1
ainya,1
dijual,1
bagus,1
licik,1
naon,1
rebut,1
maneh,1
rm,1
pecahkan,1
misteri,1
skrol,2
yunani,1
keadaan,1
hancur,1
disaluti,1
abu,1
berapi,1
terpaksa,1
imbas,1
ct,1
scan,1
manakala,1
menyahkodkan,1
tulisan,1
designer,1
grafis,1
tool,1
designernya,1
imagine,1
otak,1
kreatifnya,1
menyala,1
kesal,1
disuarakan,1
seni,3
problematik,1
argumennya,1
mempertimbangkan,1
etika,1
menerima,1
diinget,1
menguntungkan,1
contohnya,2
artist,1
ngerjain,1
ngedukung,1
punah,1
digantiin,1
dkv,1
topik,1
dibahas,1
brg,1
batu,1
haduh,1
jenis,1
advance,1
sembang,1
jatuh,1
option,1
samaada,1
adapt,1
kene,1
gampang,2
ngelukis,1
design,1
berhubungan,1
tsb,1
remeh,1
penyebab,1
phk,1
pendeteksi,1
ramah,1
privasi,1
as,1
person,1
who,1
disability,1
merinding,1
hak,1
asasi,1
butuhkan,1
raksasa,1
mesin,1
bantuin,1
pembelajaran,1
diperbarui,1
dukung,1
sektor,1
strategis,1
perkuat,1
ekosistem,2
tiga,1
prediksi,2
dianalisa,1
cybersecurity,1
memunculkan,1
celah,1
malcolm,1
heath,1
kompleksitas,1
memperumit,1
keamanan,1
digitalf,1
kian,1
masif,1
tkn,1
siapkan,1
penanggulangan,1
resiko,1
ditangani,1
agiartificial,1
general,1
cerdas,1
estimasi,1
engineer,1
sora,1
sono,1
senah,1
dengkul,1
kekhawatiran,1
kedua,2
ketidaktransparanan,1
kepercayaan,1
berlebihan,1
lvl,1
gampangnya,1
misal,1
akurasinya,1
rb-an,1
mengganggu,1
transformatif,1
inovasi,1
adopsi,1
tantangan,1
domain,1
bahaya,3
mitra,1
salavi,2
bermitra,1
dukungan,1
kuat,1
auri,2
perdagangan,1
klik,1
deepfake,2
bermodal,1
menyimpan,1
membeli,1
barang-barang,2
branded,1
barangmu,1
mengecek,1
keaslian,1
luxurymu,1
alicia,1
framis,1
artis,1
sepanyol,1
terkenal,1
provokatif,1
eksperimen,1
belanda,1
mencipta,1
sejarah,1
wanita,1
pertama,1
berkahwin,1
hologram,1
potensi,1
pihak,1
bertanggungjawab,1
kelebihan,1
meniru,1
ciri-ciri,1
rupa,1
tubuh,1
serta,1
suara,1
senjata,1
hampir-hampir,1
besarnya,1
prosthetic,1
armleg,1
pasca,1
serba,1
teringin,1
feature,1
carian,1
komposer,1
lyricist,1
saari,1
amri,1
almari,1
hihiharap,1
pertimbangkan,1
yalurve,1
uols,1
daripdan,1
ntar,1
ketempelan,1
nyanyi,1
serem,1
semirip,1
kakaknya,1
nunjukin,1
ngebuat,1
komen,1
pujian,1
membenarkan,1
surya,1
paloh,1
memakai,1
mengkritik,1
pemerintah,1
menjajaki,1
perngembangan,1
rangka,1
tindak,1
khususnya,1
brighter,1
