text;sentimen
@ruliemaulana Di ss yang sy brikan developer openai sndiri yg bilang kalau AI yang mreka kembangkan itu pakai material yg bercopyright yang berarti sistemnya mencuri. Copyright ada utk melindungi karya kalau anda rasa etis pakai ai yang melanggar itu tiadakan saja sistem copyright skalian;negatif
@christia_wan @neohistoria_id Front runner AI ada OpenAI dan Google. Masih banyak yg lain dan byk yg concern. Sy g blg regulasi terkait akses tp How the AI works bagaimana transparannya pas generate gambar atau teks dll. Read first and then comment https://t.co/M7mmCCZTTh;negatif
ini keren sih. pake gpt3 untuk generate regex dari bahasa sehari-hari. https://t.co/GKP2Hbd2pn https://t.co/zXhqLT7iC8;positif
anjir ternyata gue bisa paham the entirety of it thanks to chatgpt pro tip: kalo kalian bingung baca agreement hukum minta chat gpt jelasin pake baby language di part yg kalian ga paham works for meee;positif
GPT is wrong;negatif
upchar tuh emang seru (apalagi waktu ngedit) TAPI KALO KENA WRITTERS BLOCK MAMPUS ditambah kalo mau pake gpt TULISANNYA GAK NYAMBUNG FUGH;negatif
GPT is Freedom!;positif
ini kalau chat gpt bentuknya org udh gw hug berapa kali https://t.co/LMYU7tw3Xe;positif
gpt ngerti gsi maksud guee ihhhh:( https://t.co/ERUW3KoCAX;negatif
sama2 bayar knp ga konsul tatap muka aja chat gpt can do better than this apk lah;positif
tenang nder kan ada chatgpt;positif
Udah mah skrg dah ada kasus karya pk chatgpt kasus plagiarism malah ikutan naik aja;negatif
HELPP gimana caranya reset chatgpt punyaku makin tolil gk jelass aaaa (╬▔皿▔)╯ https://t.co/q8k7WEM2lT;negatif
Chatgpt 4.0 tolol masa Bekasi kgk tau najis https://t.co/Oq7v51DuTV;negatif
Semenjak banyak org seliweran salkir bot stiker takutma jugaaaa chat bot ku Trust issue wkwkkw;negatif
AI bisa bantu banget dalam belajar bahasa Arab bikin prosesnya jadi lebih efisien dan efektif. Misalnya kita bisa pake chatbot AI buat bikin pengalaman belajar makin seru dan atasi masalah teknologi buat mahasiswa.;positif
SUMPAH MERINDINGG BENERAN TAKUTT LIAT CHAT BOT ITU. TAPI ENDINGNYA NANGIS;negatif
!bucin padahal cuma chat 2 minggu di bot anon tapi lupainnya susah amat ya https://t.co/4AlwqKLmQ5;negatif
Cari top orang Bali asli.. Dm ya Yang bot jgn chat;positif
Jelang Ulang Tahun Akun Weverse Jisung NCT Malah Jadi Bot?! Sikap random Jisung NCT kembali mencuri perhatian dengan mengubah akun Weverse-nya menjadi seperti akun chat bot. Netizen ramai berkomentar terkejut dengan kejutan menjelang ulang tahunnya. Apa reaksi kalian https://t.co/OOqisUD7nO;negatif
Cara chat indosat tapi bukan bot gimana ya?;negatif
Aku butuh pertolongan kalian nih guysss... Ada yang paham cara setting timer di chatbot streamelements gak? aku gak paham aku udah setting timernya tapi gak pernah keluar di live chat.. aku bingung https://t.co/ZI0OuspfJI;positif
kebanyakan bot sedih ga punya temen chat https://t.co/6FkdKdPMt8;positif
Butuh lebih Banyak point $CXT? Chat bot bebas tanyain apa yg ingin kamu tanyain https://t.co/iFq3d1RaD4;positif
bot stiker wa mana lg yg harus ku chat;negatif
salah satu fitur keren Analitica yang gak ada di platform lain adalah ICA - AI CHATBOT jadi fitur ini tuh bisa ngejelasin pembahasan yang rumit jadi mudah dipahami dengan bahasa kita sehari-hari! dan bisa diajak diskusi juga looh... https://t.co/Z26hjZ4MXM;positif
temen-temen ada yang bisa bantu aku ga? tolongin mba aku dia diancam sama manusia cabul dan nyebarin identitasnya kronologinya mbakku ini main bot anon tele awalnya ga aneh-aneh ya kaya chat orang normal biasanya. https://t.co/PrOZpKl8Pf;negatif
Korang! Korang boleh guna link ni untuk check klinik PrEP terdekat contact PrEP Navigator order free HIV self-test kit cari NGO terdekat dan check your mental health (using chatbot): https://t.co/en5DtD4XcW;positif
@BambiiGvrl Salam. Silakan dipastikan kembali tagihan iuran telah lunas sebelum melakukan pelaporan penonaktifan. Sahabat dapat cek tagihan iuran melalui layanan Care Center 165 atau Chatbot CHIKA (Chat Assistant JKN) melalui whatsapp di link https://t.co/bz2biDPF9J. Terima kasih. :) -bara;positif
@tonokr8s @haikalstr diweb info pemilu ada kak aku dapat info dari Chat bot KPU https://t.co/z4SbZEMejq https://t.co/ua2yhdsVA7;positif
Aplikasi AI Chatbot Terbaik 2024 https://t.co/Q7NLsX6f8K;positif
ada lowongan chatbot analyst di shopee lalu saya coba analisa kecocokkan antara resume saya di https://t.co/JLkeO77FiU dengan kualifikasi yang dibutuhkan minta untuk diberikan score skala 0 sampai 100 ternyata hasilnya segini.... https://t.co/y3PWUPN0xz;positif
Kalau @perplexity_ai lebih kontekstual terkait Indonesia jawaban #chatbot nya https://t.co/3y7OciPVjO;positif
@collegemenfess No. 9 itu dasar teori yg dipke buat ngelakuin penelitian. Cth skripsi ku ttg chatbot yg digunakan seller yg mempengaruhi keputusan buyer. chatbot ini kan sbuah teknologi. Jdi aku make teori TAM(Technology Acceptance Model). Ini teori ttg penerimaan sesuatu teknologi pd seseorang;positif
ada org mainn klasik bacot bgt. sampe chat all musuh ngatain bot pas di cek history rank nya yaelah bg https://t.co/I6XE82pMoY;negatif
5. Kalian dapat mengirim menfess melalui chatbot sesuai dengan trigger yang ada. https://t.co/Vdp63FjWUn;positif
Stop normalize yaelah pacaran virtual doang gak perlu dikabarin setiap hari lah eh tai lu pacaran sama manusia yaa anj bukan sama bot iya chat an gak harus tiap hari tapi minimal kalo bilang nya sibuk aku gak buka hp ya jangan aktif sosmed lah anj kita capek nungguin kntllll;positif
Chatgpt vs Copilot vs Gemini https://t.co/roaGfUbleH;positif
Natakaa ni andae space Tuzungumze kuhusu AI chatbot Na site nyingine Tuangazie katika maeneo yafwatayo 1. Forex 2. Ajira 3. Content creation Ongeza eneo unalotamani Tuzungumzie Ps: soon nta display speakers Watakapo confirm kushiriki;negatif
Gemini: Chatbot AI #Google Kini Hadir dengan Fitur Baru yang Menakjubkan! Gemini mampu melakukan berbagai tugas seperti menjawab pertanyaan menerjemahkan bahasa menulis berbagai teks kreatif bahkan membantu menyelesaikan pekerjaan. Selengkapnya: https://t.co/2zr5G3rfh4 https://t.co/dTHpfk969e;positif
Nyari chat bot bayuaji dmn ya? Hehehehe https://t.co/pYOoc85xhH;positif
Ada corporate training tak utk deploy internal chatbot powered w LLM? Kat mana ada eh;positif
aslinya ini banyak dirombak awalnya mereka gak saling tahu satu sama lain kenalan di chat bot terus berpapasan di dunia nyata menyapa tapi diabaikan (C yg di chatbot ketemu B yg sama tapi timeline waktu yg berbeda sehingga B enggak kenal sama C begitupun sebaliknya);positif
Google Ganti Aplikasi Chatbot AI Brad Menjadi Gemini Kenapa? https://t.co/OJLUfEdPv5 https://t.co/c3cn9JAWye;positif
https://t.co/1Weg9OoDsJ AI Chatbot untuk Hampir Segala Kebutuhan https://t.co/TrD8V3fwe0;positif
Alitengeneza chatbot kwa kutumia GPT API ili kuchagua na kuchat na wasichana kwa idadi kubwa hadi akapata yule aliyeonekana kufaa kwake. https://t.co/FZiSExIrxP;negatif
Tanya-tanya ke Claude chatbot AI buatan anthropic. Perbandingan semua presiden dari berbagai aspek penilaian. https://t.co/cPSugBUY0X;positif
Google Perkenalkan Chatbot AI Kecerdasan Buatan Terbaru Gemini https://t.co/WdXAq5BEbp;positif
Hai #TemanPemilih 8 Hari lagi Pemilu Serentak Tahun 2024 #TemanPemilih bisa mendapatkan informasi Kepemiluan untuk publik di Chatbot Pemilu 2024 melalui scanbarcode diatas atau dapat melalui nomor WhatsApp 0811-2024-214. https://t.co/lt9G9sbOLj;positif
Buset chat sama bot aja lebih komunikatif keknya.;positif
Google Rilis Gemini ChatBOT AI Pengganti Bard https://t.co/2ixZhNROiF;positif
Amazon perkenal chatbot beli-belah AI 'Rufus' #AWANInews #AWANI745 https://t.co/7PnASnsJt4;positif
Hiroko Hagakure Fuyuhiko Kuzuryu and Hiroko Hagakure made a group chat! https://t.co/Xj1XKpMzQY;positif
Hai #TemanPemilih udah masa tenang nih.. Bersiap datang ke TPS yaa untuk memantapkan pilihanmu yuk cari tahu dan baca lagi profil calon2nya kamu bisa berkunjung ke https://t.co/LWKK8KEV4P atau coba layanan chatbot pemilu 2024 di https://t.co/5ibaiwYpiG https://t.co/xNcwk3m9GS;positif
Ayo berdayakan kekebalan tubuhmu! jaga kesehatan bersama Klinik Pertamina IHC @ klinikpertamina.ihc dan dapatkan manfaat luar biasa dari #ImmuneBooster kami. Lindungi diri dan orang tercinta. Hubungi 150442 Whatsapp : 0815-1515-0442 Layanan Chatbot : https://t.co/33GZgG3Wa0 https://t.co/wlWLbDra9n;positif
@rentfess Manager atau orangnya langsung kalau chat bot kadang bingung sendiri. Pernah kemarin disuruh pilih bahasa tapi gak ada english atau indonesia. ;negatif
BOT WA PREFIEW MINAT CHAT DI TWEET INI AJA https://t.co/w2puVvKLI7;positif
Mara baada ya kuboresha chatbot Alexander alikutana na wasichana 12 kati ya 278 aliowachagua. ChatGPT ilimsaidia pia kujiandaa kwa appointment kwa kutoa mapendekezo ya mazungumzo. https://t.co/HJ1VbLkLZq;negatif
Hai #TemanPemilih 2 Hari lagi Pemilu Serentak Tahun 2024 #TemanPemilih bisa mendapatkan informasi Kepemiluan untuk publik di Chatbot Pemilu 2024 melalui scanbarcode diatas atau dapat melalui nomor WhatsApp 0811-2024-214. https://t.co/plLDvZpOo3;positif
t nih skrg kok di chat wa yg jawab bot trs ya? keknya pas itu bisa deh chat sama cs nya;negatif
Google Resmi Ubah Nama Chatbot AI Bard Menjadi Gemini https://t.co/gvcfzwMj04;positif
@helmihsan nihh bukti chat terakhir gue ke tele bot https://t.co/IGKsrCEHuU;negatif
@aimannnal Mjb sudah kak. Coba chat bot kpu. Aku dpt info dari pps ku https://t.co/WekgjxzF3D;positif
Jumla ya wasichana 5 239 walikutana na bot na mwishowe Alexander alimchagua Karina. Inavutia kugundua kuwa chatbot ilianza mawasiliano na Karina tangu toleo lake la kwanza (V1). https://t.co/OjRHCwypRO;negatif
Whatsapp chatbot aku guna manychat. Ini masih cuba2. Tak sure keberkesanan dia untuk upsell. Tapi aku yakin boleh go. haha. https://t.co/qXOjmZTEyI;positif
djp buat chat bot kalo ga 24 jam percuma;positif
Gantikan Chatbot AI Bard Google Meluncurkan Gemini https://t.co/gY2BFqzyo4 #beritajogja #jogja #jogjaistimewa https://t.co/y5wCmfAsHP;positif
Ya Allah chat sugoi dan hebat gue di bot bersama pacar halu itu hilang lagi ya Allah...;negatif
@06chive bukan otome hehe semalem jd cegil ke chatbot;positif
Anjir gue baru tau kalo ngl ada bot. Takut bgt yg kmrn gue balesin itu chat dr bot. Pliss malu bgt kalo beneran bot;negatif
chat jodante kmn ya yang ga dibales pke bot;negatif
@rentfess Kakak avail otp malam ini langsung chat ke (@Meowhourly_bot) ya? Kakak tungguin. . @Iavandeur https://t.co/zapwoCjbRm;negatif
5. yang berkuat kuasa pada 8 hingga 9 Feb dan 12 hingga 13 Feb ini. Pengguna lebuh raya juga boleh menghubungi PLUSLine di 1800-88-0000 atau melalui Chatbot PUTRI di 019-356 9802 menerusi aplikasi WhatsApp atau Aplikasi PLUS--;positif
Katanya cs terbaik banyak penghargaan @tokopedia @TokopediaCare kok disuruh chat sama bot ujung2nya ga ketemu solusi beda jauh sama cs @supercell yang emang dengerin keluh kesah jutaan playernya dan game nya bertahan sampe 12 tahun btw ini masalah customer service bukan game;negatif
Ngechat grup berasa latihan jadi chat bot alias ga pernah direspon coy :);negatif
Intuitive is hiring a AI Conversational Chatbot developer (Bengaluru Karnataka India) https://t.co/WkX3k4krft;positif
Hai #TemanPemilih 6 Hari lagi Pemilu Serentak Tahun 2024 #TemanPemilih bisa mendapatkan informasi Kepemiluan untuk publik di Chatbot Pemilu 2024 melalui scanbarcode diatas atau dapat melalui nomor WhatsApp 0811-2024-214. https://t.co/uCTSV9DeCD;positif
Hai #TemanPemilih 3 Hari lagi Pemilu Serentak Tahun 2024 #TemanPemilih bisa mendapatkan informasi Kepemiluan untuk publik di Chatbot Pemilu 2024 melalui scanbarcode diatas atau dapat melalui nomor WhatsApp 0811-2024-214. https://t.co/PnalqWHBLW;positif
Google Luncurkan Gemini Chatbot AI Pengganti Bard https://t.co/AovjnPrjGl;positif
Hai #TemanPemilih 5 Hari lagi Pemilu Serentak Tahun 2024 #TemanPemilih bisa mendapatkan informasi Kepemiluan untuk publik di Chatbot Pemilu 2024 melalui scanbarcode diatas atau dapat melalui nomor WhatsApp 0811-2024-214. https://t.co/2xQC8jUnYw;positif
Selamat pagi Pemberitahuan HybridBOT sudah dapat di gunakan kembali Silahkan untuk chat ulang agar dapat di proses Terimakasih. bot sticker bot stiker bot wa bot wa stiker bot stiker wa;positif
Hai #TemanPemilih 7 Hari lagi Pemilu Serentak Tahun 2024 #TemanPemilih bisa mendapatkan informasi Kepemiluan untuk publik di Chatbot Pemilu 2024 melalui scanbarcode diatas atau dapat melalui nomor WhatsApp 0811-2024-214. https://t.co/uGkEG5A5Ps;positif
@convomfs Aku juag nyari bot yang bisa chat pribadi tanpa grup;positif
@jntexpressid Sumpah ya ni kenapa si JNT? Dari kemaren kaya gini mulu. Di chat WA yg bales bot trs tp pas ngajuin pengembalian barang ga ada respon. Udh hampir 10 hari paket gue ga sampe² https://t.co/64KyncOWHo;negatif
5 Chatbot AI Generatif Unggulan dan Dampaknya pada Masa Depan Teknologi https://t.co/9pdxpPxOOm;positif
Kalo Resi kaya gini kenapa ya? Chat ke seller nya cuma template bot doang apakah aku dipermainkan? https://t.co/sJElTKXdAw;negatif
Kayak chat sama bot;negatif
@azwan_ Haha pdf chatbot tgk Youtube 43min dah boleh buat sendiri ;positif
Yang butuh bot stiker wa sama download video tiktok tanpa wm bisa chat https://t.co/lFSE0gYOCA;positif
@IndiHomeCare DM ga dibales telpon ke 188 ga jelas layanan chatbot wa apalagi.;negatif
Google luncurkan Gemini chatbot AI pengganti Bard https://t.co/6kUyLMCWmb;positif
Gue baru inget kalo chat lewat bot gabisa ditarik... fak malu.;negatif
Chatbot kecerdasan buatan (AI) milik Google Bard telah resmi berganti nama menjadi Gemini bertepatan dengan peluncuran aplikasi selulernya di Amerika Serikat pada hari Kamis (08/02). #Google #Gemini #chainsightnews Baca selengkapnya: https://t.co/sGYiTQ6j67 https://t.co/23YwJCDjYa;positif
H- berapa ini KPU belum kirim chatbot hmm;positif
Jie ganti nama wv jadi ChatJpt udah kayak chat bot ;positif
Kokichi Oma Masaru Daimon and Maki Harukawa made a group chat! https://t.co/lSOXN1uH1h;negatif
Mantan ketua berita Google meramalkan krisis wujud bagi wartawan apabila teknologi chatbot semakin matang. https://t.co/5ZpTyivfdn;positif
Mana agaknya pegi noSQL. Ingat lagi aku guna mongoDB tuk chatbot aku. Ye la terus simpan dalam bentuk document dalam tu. Bila part nak buat analytic aku jem. Payah giler syntax mongoDB. Then pump pegi postgreSQL pastu buat analysis. Last2 aku tukar ke postgre je terus ;positif
 AI chatbot so persuasive ya bish;negatif
Google Luncurkan Gemini Chatbot AI Pengganti Bard. Berikut Aplikasi Fitur dan Fungsinya https://t.co/hP3kMvWhaq;positif
@neomukiyot sorry kak jbjb ini ku kasih id nya @/chatbot;positif
Hai #TemanPemilih udah masa tenang nih.. Bersiap datang ke TPS yaa untuk memantapkan pilihanmu yuk cari tahu dan baca lagi profil calon2nya kamu bisa berkunjung ke https://t.co/5TzYOcYx6K atau coba layanan chatbot pemilu 2024 di https://t.co/dklA6Iu7qE https://t.co/8RyQ7zaOoh;positif
#TemanPemilih apakah kalian mendapatkan chat bot melalui aplikasi chat yang memberitahukan bahwa pada pemilu 2024 sudah tidak menggunakan fisik melainkan perindividu? itu HOAX yah teman pemilih. yang sebenarnya pada saat memilih di TPS pada 14 Februari 2024 Pemilih membaw https://t.co/tUNpwsI67G;negatif
Google baru-baru ini mengumumkan penambahan fitur generasi gambar AI pada Bard chatbot miliknya sehingga kini dapat semakin bersaing dengan kompetitor terkuatnya ChatGPT Plus dari OpenAI yang telah terlebih dahulu memiliki kemampuan serupa. Artikel: https://t.co/HAGvPr4lO8 https://t.co/x2ctUmA0gH;positif
Hai #TemanPemilih udah masa tenang nih.. Bersiap datang ke TPS yaa untuk memantapkan pilihanmu yuk cari tahu dan baca lagi profil calon2nya kamu bisa berkunjung ke https://t.co/DDY0eSSfGB atau coba layanan chatbot pemilu 2024 di https://t.co/Z0k5Jqws9w https://t.co/499RjWhq4k;positif
Hati-hati! Peringatan Dari Google Jangan Bagikan Data Pribadi Anda Saat Menggunakan Chatbot AI Gemini https://t.co/qG6Pr5sUnU;negatif
 HELP RT PENIPU Kronologi : Aku beli jasa sewa bot ke org ini senin aku chat emg buat order dan selasa aku trf uang ke dia utk bayar. Cuman dr selasa sampai hari ini Jum'at 9 Februari 2023 gada konfirmasi atau respon sama sekali dari org ini. #SpillPenipu https://t.co/Z4Q55eUmh7;positif
Butuh penyelesaian masalah tapi disuruh chat sama bot doang selesai kaga. Emosi iya ‍️;negatif
 samoo bangun jam 07.29 hari ini disambut sama bot chat nya ameeytha. (9.19 terpantau ameey masih ngorok) https://t.co/DHpWUQw7xe;positif
luv ugm chatbot itu dpetnya dri mana seh maaf agak katrok ;negatif
Chat sama bot anon aja.;positif
@miqbalbanu Salam. Pastikan masih terdaftar sebagai peserta PBPU Mandiri. Sahabat dapat melakukan pengecekan status kepesertaan dan tagihan melalui Chatbot CHIKA (Chat Assistant JKN) di link whatsapp https://t.co/bz2biDPF9J dan telegram di link https://t.co/kSdTtYI21g . Tks. :) -tian;positif
Apabila anda berada di peringkat akhir solo anda hanya membalas chatbot. Nakal ye! HAHAHAHAHAHAHA;positif
Gue call malah sibuk di chat malah pake bot ️;negatif
gue jd kangen chat bot haikyuu di line;positif
Aku bukan tipe yang bisa chating intens setiap hari setiap jam setiap detik. Selama itu urgen dan emang perlu ya aku balas. Kalau kamu mau chat sama orang yang selalu balas looking at the chat room with you lebih baik cari bot anonim atau SimSimi.;positif
Chatbot AI Google Bard Kini Ganti Nama Jadi Gemini https://t.co/5jCzSO16d0;positif
Curhat sedih bgt pb yg pake voc 60/200 gabisa dipake setiap lampu indikatornya mati isi dayanya jg putus mana matinya dalam itungan detik ini kalo pengajuan garansi yg fast respon dimana sih? Chat seller balesannya bot mulu https://t.co/Jpl8uWy15P;positif
Sumpah ini lucu bgt wkwkwk Aku bukan bot Cuma mau berbagi stiker sebong wkwkwk Trs ada yg chat gini https://t.co/flwsjPgjOf;positif
@myXLCare Udah konek chat sama M86. Gw balas udah ganti bot lagi. Niat punya CS ga? https://t.co/heHvXdy4aH;negatif
@rentfess hey there!! i'm available for hourly tonight promise i'll keep our convo just stay in our roomchat karena aku tipe orang yang gasuka ngumbar-ngumbar rahasia kalau kamu mau kamu bisa lgsg chat bot dibawah ini yaa!! cp: https://t.co/kmZRLnYiu3 carrd: https://t.co/UWvYKi6428;positif
@rentfess kita masih cari anak bujang! boleh diskusi dulu langsung chat ke bot yang ada di bio yaah ‍️ https://t.co/pXdkZubkxR;positif
@GrumppyAF @CDRosa DSA chatbot;positif
sicepat beneran menguji kesabaran bgt padahal itu barang penting tapi ngestuck di gudang dari hari jumat. udh chat cs gajelas ga ada respon malah bot yg bales. cuih;negatif
@ariefzulhil Chatbot acah membantu je hahaha. Anyway kalau nak tunjuk kat polis tunjuk lesen kat myjpj lepas dah;positif
gue berasa chat sm bot anjrit;negatif
@deuclare Ohh baru tau gua kalo ada channel telegram kayak gitu jatuhnya kayak nyari temen virtual gitu ya mirip-mirip chatbot anonymous gitu ga sih? Tapi versi channel nya.;positif
@aimethyshu ni kamu chat sama bot kah ai;negatif
Chat bot pun high volume. Apatah lagi call CS kena tambah staff lagi ni.;positif
@jogmfs Coba random chat ke chatbot WA KPU;positif
gue.. lagi coba chat random ppl lagi di bot.. VIBES NYA BEDA ANJJJ TETEP YG GW CARI TU SOSOK PACAR jirlah ud malem gini mah molor bukannya halu pengen punya pacar mulu;positif
Aku tuh pernah abis ls dpet musuh gmpang. Pas udah mau menang aku iseng chat ini bot apa org beneran? Eh dibales maaf ya kami masih belajar Sumpah gk enak banget jd pas kelar aku chat satu² minta maaf wkwk;negatif
Google mengganti nama chatbot AI Bard menjadi Gemini. Tak sekedar nama hal itu tentu dibarengi dengan seleret kecanggihan yang disematkannya. Apa saja? https://t.co/BbqnzU3iqW;positif
Segera hubungi Call Center IHC untuk reservasi informasi jadwal dokter dan infomasi seputar RS IHC Telepon : 150442 Whatsapp : 0815-1515-0442 Layanan Chatbot : https://t.co/33GZgG3Wa0 #callcenterIHC #bumnuntukindonesia #energikesehatanindonesia #indonesiahealthcarecorporation https://t.co/MF3Kam6vfu;positif
@MohsinHijazee Mera coding k sath dooor dooor tak koi taluk ni... Laikin abi pre engineering me tha nimbuz aik app hoti the group chats k lye us per nokia k keypad walay phone use ker k esy bots banata tha..bhai ap coding sekhaty ho phr student b esy hee seekhty ho gy;negatif
Segera hubungi Call Center IHC untuk reservasi informasi jadwal dokter informasi IHC Telemed dan infomasi seputar RS IHC Telepon : 150442 Whatsapp : 0815-1515-0442 Layanan Chatbot : https://t.co/33GZgG3Wa0 #callcenter #ihctelemed #pertamedikaihc #Sehat #melayani24jam;positif
@Unnoniemous hey kamu kok cakep?! kreatif banget pake chatbot;positif
jangan lo pake sicepat halu anjing bgtt tai monyet lama bgt paket gue stuck 2 hari chat ke wa pake bot taik bgt dajjal gue butuh paketnya segera anjingg lo tinggal kasih kepastian kalo ilang jg yaudah gue ikhlasin lo malah gak kasih kepastian ah tai anjing;negatif
@vkmeys97 yaudah chat ke bot tele jualanku.;positif
@ChikiChikoman Hai Kak maaf sekali ya. Terkait kendala HIFI bisa langsung menghubungi HIFI melalui: - Website: https://t.co/lbg4zw3f68 - email : contact@hifi.ioh.co.id - call center 021-3000 3000 (tekan no 3 untuk layanan Indosat HiFi) - Chatbot Indira (aplikasi my im3). Terima kasih^Leya;positif
Ganti Nama Dari Bard Jadi Gemini Chatbot Google Siap Bersaing dengan ChatGPT https://t.co/czhgajXdna;positif
enak-enak tidur kebangun sama chat bot KPU bneran dejavu sama notip bbl haechan ;positif
Google luncurkan Gemini chatbot AI pengganti Bard https://t.co/vTDBvmzqm6;positif
Google merilis Gemini chatbot AI pengganti Bard https://t.co/sK3MYvDLFU;positif
Pemanfaatan chatbot dalam layanan pelanggan dapat meningkatkan efisiensi dan responsivitas di berbagai industri #CoblosPKSAniesPresiden AniesPresiden PKSPartaiku;positif
Capek bgt chat komplain ke jnt bot mulu yg jawab bikin emosi;negatif
@deerboysc takutnya yg tadi di chat kamu itu bot doang. alias cs nya yg manusia gatau entah kemana;negatif
@minelraI W Temen chat cowok cmn bot;negatif
chatbot tanya jawab program unggulan ganjar mahfud. https://t.co/GXUvJVSi1o demo video https://t.co/WedQHav3w4 https://t.co/UfAzgk2480;positif
Bukan Lagi Bard Chatbot AI Google Resmi Ganti Nama Jadi Gemini https://t.co/PUgtR3FRov;positif
Wordpress bunuh Dreamweaver coders. No-code bunuh Wordpress. Robotics bunuh B40 blue collar jobs. AI bunuh creative talents. Professionals AKAN dibunuh AGI. Medical checkup report pon boleh upload dalam ChatGPT dia explain lagi better dari bayar doktor klinik blood test ;negatif
rand banget tanya ginian ke chat gpt gara2 tdi malem kucingku pas tidur dia nglindur ngeong2 gtu tpi dia tidur https://t.co/NJwJwNQrWW;positif
yg jual chatgpt tawarin ya #zonajajan #zonauang #zonaBU;positif
NAH ini! kami tarot reader selalu butuh context/background info yg detail supaya bisa ngasih hasil yg detail juga ke client. Betul kayak chatgpt. tingkat resonate atau tidaknya jg bergantung dr berapa banyak keyword yang kalian kasih ke kami. cr : tiktok @ginareadstarot https://t.co/KJly7rJ60w;positif
Isteri bersihkan kabinet dapur dengan campuran air suam cuka dan sabun basuh pinggan. Bersih betul dan memang berkesan. Mana isteri belajar mengenai campuran ini? ChatGPT. https://t.co/3seoxt9q0W;positif
need chatgpt 4.0+ sekarang #zonauang #zonajajan #zonaBU;positif
Chatgpt 4 sharing itu kayak gimana sih? Kalau bisa pakai akun sendiri mau dong #zonauang;positif
info yang jual chatgpt-4 dong #zonauang;positif
Rekomendasi belajar tentang AI: 1. AI Essentials - https://t.co/ocjMhLj6mg 2. ChatGPT Mastery - https://t.co/xWWebHBybZ 3. Google AI Magic - https://t.co/hKbj6dfx5M 4. Harvard AI Introduction - https://t.co/JBaAckuhO1 5. Microsoft AI Basics - https://t.co/j6PhQsj0Tl;positif
Pacarku nanya pake AI ya? wkwk kedetect AI nih. setelah aku kirim surat sepanjang 2 halaman. Dia bilang cek di website deteksi AI gitu dan 100% chatgpt katanya suratku. Aku bingung responnya gimana... padahal aku anak sastra inggris semester akhir. Ini (cont..);positif
@HadidZi @UGM_FESS Look at this fafifu wasweswos. Our tax money berubah jd beginian :) Btw tahun lalu sekitar OKT ini dokumen sempet rame juga karna ada beberapa bahasan yg kata²nya ditulis by chatgpt https://t.co/Vft14M1lM1;negatif
@calllmeee_tiaaa @tanyakanrl Minimal tanya chatgpt https://t.co/xdYoo5HF3K;positif
gue sering konseling online by chat kalo pun dikasih saran yang cenderung umum ketika kita follow up tuh pasti ada kejelasan lebih lanjut. INI TEMPLATE UDH KEK CHATGPT BUSET??? temen gue bayar anjir buat konseling!!!! https://t.co/QcZcNrbhI1;negatif
mr unul nilai essay pake AI ?? yaudah akan gue garap dgn chatgpt ((balance));positif
wtb chat gpt plus 1 hari yg bisa sekarang #zonauang;positif
Kakkk ada chatgpt yg pro/premium ga hehehehe #zonaBU #zonajajan;positif
Mau beli chat gpt 4 #zonauang;positif
web bermanfaat proques referensi skripsi di berbagai universitas humata review/rangkum jurnal elicit riset jurnal semua jurusan mendelay sitasi &amp;positif
mau chat gpt plus dong #zonauang;positif
kenapa ditanya ajg pake chat gpt;negatif
Butuh chat gpt chatgpt 4 niih buat langganan #zonauang #chatgpt;positif
Wtb chat gpt 4.0 guys adakah? #zonauang;positif
Cek DPT apanya Chat GPT;positif
Mau chat gpt premium #zonauang #zonajajan #zonacuan;positif
info chat gpt 4. drop harga dan jumlah user #zonauang;positif
CHAT GPT AJA PILIH ANIES https://t.co/nqojg7k8Rs;negatif
chat gpt plus yang bisa sekarang #zonauang;positif
chatgpt hidup @cowboiyk https://t.co/EaE8dwyb8T;negatif
Butuh Chatgpt premium #zonauang;positif
 chat gpt (aku);positif
ye hai hamare pyare chat gpt ka dimag... wahh https://t.co/0xS1tMRLWC;negatif
@chang_zzzzz @luqman_syakir_ AI mcm chatGpt boleh read pdf function klau malas buat intro atau conclusion utk report;positif
butuh cepet chat gpt prem #zonauang #zonajajan;positif
pake chatgpt ya ini apal templatenya gua;positif
Padu betul ayat bm kopipen ni.. hmm.. skrg dah jumpa tools yang lagi fine tune kepada specific task. Bye2 chatgpt gemini and claude. Tak yah lagi buat prompt panjang2. Masukkan info product terus dapat headline &amp;positif
bosan bosan weh study aku try search ni kat chatgpt point ketiga tu @SMTOWNGLOBAL kena amek take note okay https://t.co/XTMzVknjyS;positif
chatgpt harga r buat c dm pliss ada proof #zonauang;positif
need chatgpt skrng jg premium 4 #zonabu #zonauang;positif
Mpenzi wangu hanitafti nikaamuà nijiliwaze na ChatGPT ️ https://t.co/QhDMZlT8ji;positif
everybody say terimakasih chatgpt.;positif
ChatGPT itampa mtu SUP hivi hivi https://t.co/ceXPkVmYaY;negatif
#zonauang chatgpt sehari;positif
Ready nih kak akun chatGPT+ sharing 35k/bulan bisa akses gpt-4 testimoni bisa cek pinned yahh fast response https://t.co/dv6Mr8yZzF #zonauang .81 https://t.co/nS9aiL79yt;positif
deiii ivana summa irukka sollunga da summa chatgpt kunja kadichu irukaan https://t.co/16Nbptpx20;negatif
chatgpt z rigczem ️️ https://t.co/n1BKxHgX50;negatif
butuh chatgpt buat sehari dong #zonauang;positif
cinta mati sama chatgpt mau menikah dengan chatgpt ;negatif
@xiunextime @jumbodobell @betterIoxd yah celeng anjir tarif 20rebu disuruh ibadah itumah kek gua curhat ke chatgpt;positif
Br denger Video BS ttg Sirah Nabawi substansinya sama spt yg aku twitkan thn² lalu penulis awal Ibn Isaq thn 750 di Bagdad Kairo 50 thn kemudian dilanjut Ibn Hisyam di Kairo Mesir tp naskah ibn ishaq hilang ? Dr mana dia tau ? Transkip asli ga ada. Chat GPT AI juga tau https://t.co/DK1psrs57g;negatif
@collegemenfess Tapi menurutku google bard lebih akurat dibanding chatgpt ;positif
chatgpt 1 bulan harga r buat c #zonauang;positif
wtb chatgpt yg private brp user ya? #zonauang #zonajajan;positif
Syok main chat gpt ni https://t.co/tZ5l1LObPw;negatif
Cek akun turnitin quillbot chatgpt unlock docs bisa di aku ya #zonauang https://t.co/XN2vtBvMHT;positif
bingung mau jawab deeptalk/sod tapi lagi gak ada lapaknya? chatgpt solusinya bru https://t.co/8DzgC6GCOQ;positif
bikin pantun pake chatGPT kok susah ya;negatif
@iyaadarius @malawiali @idextratime Besok di bilik tanya ke ChatGPT biar lebih mantab lagi;positif
chatgpt 1 bulan harga r buat c (ada proof) pls dm #zonauang;positif
AI GPT-4 chat o CPK https://t.co/jNAMx8isps;positif
beli atau pake chatgpt adalah koentji;positif
Need Joki tugas buatin kalimat Bahasa Jepang tentang letak dan kondisi kota. Pls banget ngikutin pila kalimat yang ada di bawah jangan pake google translate/chat gpt #ZonaBA #zonaBU #zonajajanᅠᅠᅠ #jokitugas #joki https://t.co/RXs5Bqo5Hz;negatif
thats it guys pencapaian tertinggi gue menang debat lawan chatGPT. https://t.co/wjSwPvNRXf;negatif
GHADI N9TL RBO CHAT GPT;negatif
gua baru tau chat gpt bisa kek gini https://t.co/jvKJq1iewA;positif
Ada yg jual chatgpt yg jarang limit ga? #zonauang;positif
Ina-ataina kan kan fun awon tan shey chatgpt;negatif
 Thread Nowadays ChatGPT ni MGODI wa PESA Unaweza kutengeneza Mpaka $1000 Kwa siku japo WATU wengi hawajui Unahitaji Simu /laptop na Internet connection (kila Mtu anaweza kufanya ) Bookmark for later] Imenipush Sana kwenye kupata affiliate client https://t.co/KAJJOjhn3t;negatif
Begini doang nanya chatgpt https://t.co/RFnv6ALJwD;negatif
Ready nih kak akun chatGPT+ sharing 35k/bulan bisa akses gpt-4 testimoni bisa cek pinned yahh fast response https://t.co/dv6Mr8yZzF #zonauang .83 https://t.co/53WlmpjezT;positif
Berantem ma coworker Berantem ma chatGPT https://t.co/h3MmssSb0B;negatif
Ay chatGPT no v dass dey ga k oda shajra ki c;negatif
Ready nih kak akun chatGPT+ sharing 35k/bulan bisa akses gpt-4 testimoni bisa cek pinned yahh fast response https://t.co/dv6Mr8yZzF #zonauang .82 https://t.co/JUrxlU6rYm;positif
need chatgpt privat sebulan kl bisa akun cust #zonauang;positif
Ready nih kak akun chatGPT+ sharing 35k/bulan bisa akses gpt-4 testimoni bisa cek pinned yahh fast response https://t.co/dv6Mr8yZzF #zonauang .71 https://t.co/Mn0EBQg95s;positif
Tawarin chatgpt plus 6 bulan ada gk? #zonauang #zonajajan;positif
iku o ni pa chatgpt o;negatif
HOY buat yang bingung: ini tuh maksudnya aku nulis sendiri tapi sama pacarku dituduh pake AI karena dia langsung cek web dan kedeteksi 100% chatgpt atau apalah itu. AKU ANAK SASING JIR NGAPAIN PAKE AI?! tmi aku udah marah ke pacarku. HADEH SEBEL BANGET. -rl;negatif
Ready nih kak akun chatGPT+ sharing 35k/bulan bisa akses gpt-4 testimoni bisa cek pinned yahh fast response https://t.co/dv6Mr8yZzF #zonauang .80 https://t.co/WRA71otywT;positif
 CW // politic udah sampe taraf secapek apa kamu buat berusaha menyadarkan orang terdekatmu? Gue sampe chat ke chat gpt https://t.co/zESYILM1Jh;negatif
editor freelancer yang butuh freepik envato renderforest motion array doratoon placeit di aku ada ya kak trusted fast respon aplikasi penunjang kuliah belajar ada perplexity chatgpt mathway quillbot scribd quizlet microsoft zoom deepl https://t.co/ulivWsZ0Mn #zonauang 97 https://t.co/GoZCtH5AiN;positif
Google Gemini punya table ni comel sikit daripada ChatGPT https://t.co/WWokXtvE33;positif
Ada yang ready chat gpt shar buat c soalnya di fhku kosong #zonauang;positif
Kan bhal chatgpt ki khtasser lik lwe9t wlad lqhab;negatif
[GitHub Repo] Scaling #Azure OpenAI using APIM PTUs and TPMs https://t.co/NwATtOVtGH #MachineLearning #ChatGPT https://t.co/mtyki3Q2J7;positif
butuh chatgpt-4 cepat #zonauang;positif
Chatgpt solusinya https://t.co/HsxtI01c8d;positif
Mabka maytkhba ana mssahba mea chatgpt https://t.co/TYUTTiVROK;negatif
Nimechoka kujificha Mimi ndio huwa najibu maswali yenu pale chat gpt ;negatif
@thinkinj bayangin gmn kl lu confess ke si kating itu trs dibales chatgpt bgt;negatif
kak ada yg opress chatgpt premium?? mau join #zonauang;positif
Ready nih kak akun chatGPT+ sharing 35k/bulan bisa akses gpt-4 testimoni bisa cek pinned yahh fast response https://t.co/dv6Mr8yZzF #zonauang .86 https://t.co/0R3uOEazpJ;positif
Mencari au fluff michaeng? Chat gpt solusinya https://t.co/rfLnucvVKE;positif
mau chatgpt prem harga r buat c ada proof #zonauang;positif
@kelasisolasi Di sini Noam Chomsky berdiskusi dengan Chatgpt tentang apakah moral bagi manusia untuk bertanya persoalan moral pada AI yang amoral https://t.co/OqdBBF9ubv;negatif
Menulis rencana untuk akhbar ada seninya juga. Bukan sebarangan jauh sekali mengambil jalan mudah dengan hanya menggunakan ChatGPT. Apatah lagi membabitkan kepakaran dan autoriti kita sebagai penulis. Ini jerai.;negatif
apapun masalahnya chat gpt kuncinya (GW) https://t.co/jZt2eIS3O0;positif
Kasian chatgpt juga udah muak sm gw ngobrol 9 jam... https://t.co/skU5RVGs0U;positif
trimakasii @ chatgpt https://t.co/rIaeea6Hqm;positif
mimpi pacaran tp chat lewat chatgpt HAHAHAHAH random bgt;positif
@sapphirequartzs Bila buat macamni akan nampak betapa banyaknya sebenarnya kita buat kita je rasa kecik. Kalau dia takboleh fikir chatgpt: list down (pekerjaan dia) jobscopes for resume or interview. Pastu pick la mana yang ada experience dari situ;negatif
@NenkMonica Info dari penelusuran ChatGPT bahlil ini mirip narasi-narasi diawal gerakan reformasi yang menganggap gerakan mahasiswa bersifat partisan https://t.co/nfuSrcZ8Yq;positif
Watu waache kulalamika na kuhisi kila kitu wanakalipiwa! Kushindwa kuandika email ni uzembe wa kujifunza hasa zama hizi za Google na ChatGPT. Shukuru umefundishwa. Muda unaotumia kujudge tone ya aliyekueleza kuhusu email nenda katumie kujifunza best tips za cold emailing.;negatif
ughh tetibe rindu lak dgn chatGPT;positif
chatgpt eh genti boa https://t.co/qQXx2GqOPQ;positif
Dikasih hadiah: Seneng Terharu Makin sayang Dikasih hadiah: Cek chatgpt Cek grammar Trust issue Gak percaya pacarnya Gak happy Putus soalnya ketauan pake chatgpt ;positif
(Cari lagi karena tadi gak dapet) Mau chatgpt PRIVATE yang ready (made by order juga gapapa) need fast #zonaba #zonauang;positif
Ke temen-temenku. Atau chatgpt;positif
Haaa capek banget upchar padahal pake chatgpt;negatif
ChatGPT untuk hidup lebih mudah https://t.co/vpAySX88dp;positif
GW CAPE BGT INI ORANG SAKIT NANYA CHAT GPT YA ALLAH P @luocfa https://t.co/5ODKFumGJr;negatif
@rentfess Ada! Ayo ngobrol sama aku. Nanti hubungin managerku yang satset seperti chatgpt ini yaaa. Aku masih avail sampai jam 3! : https://t.co/H5cwOrheHl : @TheAlighierian;positif
Alexander Zhadan aliamua kutengeneza mfumo wa kutafuta upendo wake wa kweli kwenye app ya kuchumbiana (Tinder dating App) kwa kutumia ChatGPT API. https://t.co/pLrhepRoNS;negatif
Keren LLM udh berani menyuarakan kebenaran. Kalah chatgpt 4;positif
Mtoto wa punda unamjua wewe Comments chatGPT yako inasemaje https://t.co/g9WiptF9zY;negatif
kumpulan perintah chatgpt . siap pakai . TINGGAL COPY PASTE DAN SESUAIKAN DENGAN KEBUTUHANMU! info : https://t.co/bpOrw8WWeO;positif
// crossover danmei sender babu! iseng minta chatGPT buat describe karakter kesukaan sender di genshin dan ternyata masuk akal silahkan dicoba ges https://t.co/ZuqbiKO9OJ;positif
usaram o chat gpt;negatif
setelah mencoba (1) chatgpt (2) bard dan (3) perplexity untuk bantu kerjaan mnrt gue semua oke &amp;positif
@SpireJim Dr @SpireJim have you checked the paid version of chatGPT bannange mutulekeemu mututwaala speed . ŋenda kozesa kano lwakuba lettetr ŋ yebulamu https://t.co/deVqrg8ojn;negatif
Chatgpt tau yang beginian juga toh;positif
@PlutoSia @sriniksv Aadu chatGPT nunchi etthukocchadu..meeremo IAS IPS MBBS FRCS ani disco lu pedthunnaru;negatif
Penasaran yg kuliah tapi milih itu tuh kuliah ga sih ato semuanya pake chatgpt;negatif
ChatGPT vs Bard. Aku pribadi lebih suka Bard sih. Tapi sayangnya tidak populer. Pergantian nama ini strategi branding agar lebih populer https://t.co/nDbwUEqNlY;positif
ampe gunain 2 tab ajr chatgpt yang satu lagi udh cape keknya gue tanya terus jawabnya gitu gitu doang https://t.co/q0uYD3Pavn;negatif
Chatgpt vs Copilot vs Gemini https://t.co/roaGfUbleH;positif
Google yatangaje ko Bard yahinduriwe izina yitwa Gemini mu gukomeza kwagura imikorere yayo no kurushaho guhatana n izindi porogaramu zikora mu buryo bumwe zirimo ChatGPT n izindi. ︎@MugishaChris_ https://t.co/yMc58Tsn6v;negatif
Salah ni. ChatGPT jawab lain ;negatif
4. Build and sell applications: Chatgpt inaweza kukusaidia kufanya kazi zote Ku craft applications na kufanya marketing iwe NI Appstore au Playstore https://t.co/P3E4rml6dP;negatif
Ready nih kak akun chatGPT+ sharing 35k/bulan bisa akses gpt-4 testimoni bisa cek pinned yahh fast response https://t.co/dv6Mr8yZzF #zonauang .66 https://t.co/4TXDyTouWZ;positif
Asal usul sound system horeg menurut #chatgpt dari @OpenAI https://t.co/apj3p9MlGY https://t.co/rpdmEe7142;positif
mending curhat ama chatgpt seaneh apapun curhatan lu balesan dia masih lebih enak;positif
GPT 4 vs Gemini Advanced https://t.co/PApZAtzI2N;positif
Ada yang jual chat gpt 4 #zonauang #zonaba;positif
GPT-4 sabi you.....? https://t.co/xkflaJ1GKk;positif
ingfooo yg jual chat gpt plus premium trusted dan fastrep #zonajajan #zonauang;positif
wtb chat gpt plus 1 hari yg bisa sekarang #zonauang;positif
mau chat gpt plus dong #zonauang;positif
@realtirtha Gpt bhanda better xa?;negatif
Mau beli chat gpt 4 #zonauang;positif
Wtb chat gpt 4.0 guys adakah? #zonauang;positif
Gpt-6 training run https://t.co/UGLaQtrohR;positif
Ada yang ready chat gpt shar buat c soalnya di fhku kosong #zonauang;positif
Br denger Video BS ttg Sirah Nabawi substansinya sama spt yg aku twitkan thn² lalu penulis awal Ibn Isaq thn 750 di Bagdad Kairo 50 thn kemudian dilanjut Ibn Hisyam di Kairo Mesir tp naskah ibn ishaq hilang ? Dr mana dia tau ? Transkip asli ga ada. Chat GPT AI juga tau https://t.co/DK1psrs57g;negatif
Butuh chat gpt chatgpt 4 niih buat langganan #zonauang #chatgpt;positif
chat gpt plus yang bisa sekarang #zonauang;positif
Rangulalo Kalavo LoFi Garage Sounds #ilayaraja #Tollywood https://t.co/HNSdgip7KU;negatif
perguntando sobre mim mesmo pro fhat gpt mini thread;negatif
ye hai hamare pyare chat gpt ka dimag... wahh https://t.co/0xS1tMRLWC;negatif
@Piggu_GPT @Rajpichcruise @_curious_orion Alhamdulillah... Happy Hug Day... #GugguDiwas... https://t.co/yHI4hKukSx;positif
@sosmedkeras Kurang komplit. Umumnya: Usia 24 tahun pengalaman kerja 4 tahun ipk nyaris sempurna menguasai 5 bahasa bisa sosmed dan bisa bikin konten. Menguasai office terbiasa dengan drive notion zoom gpt slack github. Bisa fotografi edit foto dan video. ;positif
Syok main chat gpt ni https://t.co/tZ5l1LObPw;negatif
butuh cepet chat gpt prem #zonauang #zonajajan;positif
CHAT GPT BJIR KATA GUE TEH https://t.co/kLOgKH3APS;negatif
Dih keren bener voice command chat GPT berasa slipkol wkwkkw Ini ss script setelah percakapaan Saking ngenesnya gw ngomong sama AI https://t.co/8eraeYcAQa;negatif
GPT 3 5 es basura Gerona @GironaFC;negatif
Knp random banget sih segala jadi chat gpt https://t.co/ipXrmfhWhq;negatif
Chat Gpt nah Olodo!;positif
Chat GPT k suar principles ki bat tou na hi kar tu;negatif
Bayangin secapek apa gue jadi pacarnya sampe curhat ke chat gpt https://t.co/gGKqkUNmGn;positif
Mending mati drpd ga gpt that's drip guemah klo nonton konser. https://t.co/R8IWE9xgr2;negatif
Walah kata chat gpt kalo penculik gak boleh jadi presiden https://t.co/GsMp6CRwWD;negatif
Ab hogi controversy. https://t.co/3UoU2nOvTX;negatif
Aba barezi bari kunkura munda kandi bari kubikopera kuri chat GPT sha muragirango munyice https://t.co/knqHNgRXo2;negatif
dia cari jawaban di chat gpt https://t.co/QMGnZcxv32;negatif
Gemini-Pro vs GPT-4 https://t.co/FmQWKS1zP9;positif
anak fk yg bilang 300 fk solusi tepat pasti PBL nya pake chat gpt ;negatif
pagi aku open joki tugas pkn pancasila &amp;positif
salamat chat gpt https://t.co/MbYYzTOa4g;positif
GHADI N9TL RBO CHAT GPT;negatif
Hii mtihani ya foreign policy analysis naona tu nikiwa besties na chat gpt;negatif
Udah paling tolol curhat keorang lain mending curhat sama chat gpt.;positif
Gong Xi Fa Cai Pak. https://t.co/IpuRBLkLPi;positif
@collegemenfess Aku pake chat GPT/Bing Chat buat cari referensi jurnal kalo semisal dah stuck susah banget cari tambahan referensi terus grammarly but ngecek grammar ama quillbot buat parafrase.;positif
Chat gpt ka kya achar dalu? Dhang ka watch nahi mil raha yar https://t.co/RZ8bUlSJ3i;negatif
Ready nih kak akun chatGPT+ sharing 35k/bulan bisa akses gpt-4 testimoni bisa cek pinned yahh fast response https://t.co/dv6Mr8yZzF #zonauang .78 https://t.co/gBWL84wVzV;positif
@MKBHD GPT wins https://t.co/yIfnsVnY5U;positif
hirap gumawa lab report pag puro gpt kagrupo omcm;negatif
@YashasE67835 Bsdk dikh rhi h yeh? Asia Cup ki innings? Ki Dharavi School me English nhi sikhate https://t.co/bU1fYjfx1a;negatif
GPT-5 when?;positif
@0xOziK @AITECHio @daomaker @Chain_GPT son 5 codeee https://t.co/OCyRfXYUsW B5S2XPV42X QQSAEU8D0Y Z8S0TPMJP8 WELBAWZC1W NADINZGPHO;positif
pernah gasie kalian sedih sama gpt karena disuruh mikir keras mulu walaupun gpt gapunya perasaan tapi tetep aja suka kasian :( https://t.co/kLD8afIFGw;positif
hallo. aku open joki tugas PKn Pancasila dan Kewarganegaraan. bisa membantu mengerjakan makalah essay artikel soal essay dll. dikerjakan secara maksimal dengan full parafrase dan olah kata tanpa bantuan AI &amp;positif
andai chat gpt bisa menjawab pertanyaan di mana terakhir aku naroh charger hp? ;positif
WKWKWK that's 'ChatJpt' kira kira chat gpt yang ini fast respon ga ya https://t.co/5YBrYNvTyi;positif
chat gpt aja langsung resign kalo dikasih pertanyaan kaya begini;positif
GPT se 1000 approx lines ka code likhwaya hai;negatif
Ready nih kak akun chatGPT+ sharing 35k/bulan bisa akses gpt-4 testimoni bisa cek pinned yahh fast response https://t.co/dv6Mr8yZzF #zonauang .81 https://t.co/nS9aiL79yt;positif
halo aku open jasa joki tugas khusus pkn pancasila dan kewarganegaraan ya. membantu: makalah essay/artikel bertema soal essay/pilgan analisa kasus/film ppt dll. pengerjaan manual full parafrase tanpa ai/chat gpt. https://t.co/rXU4nWLAOq #zonauang #jokitugas https://t.co/BUlB1PF8fn;negatif
hallo aku masih open joki tugas pkn pancasila &amp;negatif
halo aku juga bisa membuat essay/artikel bertema ya! sudah termasuk parafrase argumentasi opini dan jaminan bebas plagiasi dengan turnitin pastinya. dikerjakan secara manual tanpa ai/chat gpt. testi: https://t.co/EwjpeAQOFy : https://t.co/rXU4nWLAOq #zonauang #jokitugas https://t.co/bpDoyTkwcn;negatif
kaya chat sama gpt https://t.co/Tp3ul7Hi6n;negatif
Ini zayne udah kayak chat gpt anjinrt;negatif
Linux command gpt sekarang bisa baca file. Case yang sering kepake nge-format file json sama filter file json. Bisa buat mac juga ya install jq biar bisa mainin file json. https://t.co/CoNhgAy0XW;positif
chat gpt sua diva https://t.co/VOmdAXumgW;negatif
Lamun buntu kadang curhat ka chat gpt tp kalimat terahir emang paling bener berani mencoba dan melangkah maju https://t.co/VbKVmNE1gq;positif
Ready nih kak akun chatGPT+ sharing 35k/bulan bisa akses gpt-4 testimoni bisa cek pinned yahh fast response https://t.co/dv6Mr8yZzF #zonauang .83 https://t.co/53WlmpjezT;positif
Ready nih kak akun chatGPT+ sharing 35k/bulan bisa akses gpt-4 testimoni bisa cek pinned yahh fast response https://t.co/dv6Mr8yZzF #zonauang .80 https://t.co/WRA71otywT;positif
CEO OpenAI Sam Altman mengumumkan penambahbaikan yang signifikan pada model kecerdasan buatan GPT-4 untuk meningkatkan kualiti output dan maklum balas sistem. Baca lagi | https://t.co/3wHRcu2khp #OpenAi #chatgpt4 #SamAltman #GPT4 https://t.co/zSUe6ZP9Is;positif
njir gue yang selalu chat gpt upchar pun;positif
@YashasE67835 Bsdk dikh rhi h ki aankhein kharab h? https://t.co/bSERoepYNx;negatif
Testi cek plagiat turnitin dan cek AI/GPT https://t.co/lwdyu6ILv3;positif
hallo aku open jasa joki tugas pkn pancasila dan kewarganegaraan ya! membantu pengerjaan : essay/artikel bertema soal essay/pilgan makalah ppt dll. pengerjaan manual full parafrase tanpa ai/chat gpt. testi : https://t.co/EwjpeAQOFy : https://t.co/rXU4nWLAOq https://t.co/HMoHmuUR1l;negatif
Ready nih kak akun chatGPT+ sharing 35k/bulan bisa akses gpt-4 testimoni bisa cek pinned yahh fast response https://t.co/dv6Mr8yZzF #zonauang .67 https://t.co/nWxpYlC0Xm;positif
Morning nya https://t.co/NDwsOxrbHP;positif
GW CAPE BGT INI ORANG SAKIT NANYA CHAT GPT YA ALLAH P @luocfa https://t.co/5ODKFumGJr;negatif
 Ada jugak bagi budak-budak nak buat business 30k sana 50k sini etc. Bukan kata bayar balik selisih pun tak bertegur dah . I am like relax la aku halalkan je. Business tak jadi and you dah cuba yang terbaik dah la. Everyone learned their lessons. (I certainly did!).;positif
kdg ngobrol sm rupeng kyk ngbrl sm chat gpt https://t.co/oyn0SADt33;negatif
Gpt jeet ;positif
siang aku masih open joki tugas pkn pancasila &amp;negatif
bio baru tp gpt.;positif
saranku ayo pacaran sama chat gpt ;positif
malam aku masih open joki tugas pkn pancasila &amp;negatif
apapun masalahnya chat gpt kuncinya (GW) https://t.co/jZt2eIS3O0;positif
prompt gpt gw ancur bgt perkara ketakutan abis mimpi di headlock shownu versi hercules beneran segede itu https://t.co/XKSMEBFNKL;negatif
Chat gpt kan ya wkwkwk please humor ku sebatas Jie ganti usn wv nya:);positif
MILEY CYRUS MILEY CYRUS MILEY CYRUS MILEY CYRUS MILEY CYRUS MILEY CYRUS MILEY CYRUS MILEY CYRUS MILEY CYRUS MILEY CYRUS MILEY CYRUS MILEY CYRUS MILEY CYRUS MILEY CYRUS MILEY CYRUS MILEY CYRUS MILEY CYRUS MILEY CYRUS MILEY CYRUS MILEY CYRUS MILEY CYRUS MILEY CYRUS MILEY CYRUS;negatif
@utfess Nah ini baru knp nilai E? Apakah pas UO yg benernya cuma sedikit? Atau pas UTM banyak soal yg sulit? Atau pas THE banyak yg copas dari chat gpt/artikel sampe terindikasi plagiat? Pas ujian ketauan nyontek/buka HP?;negatif
MASA GW CHAT GPT;negatif
@tanyarlfes Ini der jawaban dari chat GPT https://t.co/TGM6SF4HZq;positif
Ready nih kak akun chatGPT+ sharing 35k/bulan bisa akses gpt-4 testimoni bisa cek pinned yahh fast response https://t.co/dv6Mr8yZzF #zonauang .66 https://t.co/4TXDyTouWZ;positif
Mayli bratlar GPT dedik. Aslida undan foydalanish zo'r. Faqat hukm chiqarmoqchi bo'lsangiz qaysidir masalada mutaxassisligingizdan kelib chiqib qiling mutaxassisligingizga kerakli joyida foydalansangiz yaxshi. Shuni uchun o'zingizga kerak joyidan foydalaning faqihlik qilmasdan.;negatif
Ready nih kak akun chatGPT+ sharing 35k/bulan bisa akses gpt-4 testimoni bisa cek pinned yahh fast response https://t.co/dv6Mr8yZzF #zonauang .71 https://t.co/Mn0EBQg95s;positif
Teh ida lgi nanya gpt mau jawab kyk gmna;positif
Gelora Bang Toyib?!;positif
 Selalu tak bila baca buku tak lama lepas tu lupa dah semua? Penat rasa macam buang masa je baca buku kan? Sebabnya takde sapa ajar kita macam mana cara membaca yang betul! Siot. Ni meh saya ajar! Senang ada 3 benda je kena ingat. 1️⃣ - Kena tau kenapa kita baca buku ;positif
Ready nih kak akun chatGPT+ sharing 35k/bulan bisa akses gpt-4 testimoni bisa cek pinned yahh fast response https://t.co/dv6Mr8yZzF #zonauang .65 https://t.co/VD033C9Qso;positif
hallo aku open untuk pembuatan essay/artikel (PKn Pancasila &amp;negatif
@gpt_protocol GPT PROTOCOL ;positif
et dah dia pakai chat gpt ;negatif
Ibadah Biston Doa dan Penyembahan Gereja GPT Kristus Raja Kalinona Nabire https://t.co/hI82BMB7G6 #nabire #papuatengah #papua #gerejagptkristusraja https://t.co/PgTtTQRAzW;positif
GPT lagi Ko. @prinsalim;positif
Siapa Erlan Pratafi jir? Terus bisa bisanya chat gpt bilang presiden saat ini @prabowo ? Ini bocoran kah? https://t.co/c4oqkRrKrJ;negatif
PACAR LU DOSEN KAH SAMPE NGECHECK KEDETEKSI CHAT GPT;negatif
@collegemenfess Yang ini bukan sih Mimin? https://t.co/sj6J8i0yXP;positif
Hallo Aku open jasa joki tugas PKn Pancasila dan Kewarganegaraan. Membantu pengerjaan : Makalah Analisa Kasus Soal Essay Essay/Artikel bertema PPT dll. Pengerjaan manual &amp;negatif
ei mnakapitia bana;negatif
Kyai NU kenapa lebih sakti dari kyai Muhammadiyah ya;positif
hallo aku open joki tugas pkn pancasila &amp;negatif
hallo aku open jasa joki tugas pkn pancasila dan kewarganegaraan ya! membantu pengerjaan : essay/artikel bertema soal essay/pilgan makalah ppt dll. pengerjaan manual full parafrase tanpa ai/chat gpt. testi : https://t.co/tOvUKUmzmZ : https://t.co/Nb39SfhcqC https://t.co/Cq7IPkqwpq;negatif
Gweh buka chat gpt lagi grgr tbtb disuruh bikin caption yang deadlinenya hari ini dan 5 postan padahal gweh sekre https://t.co/vqhgGHhutK;positif
Subjek Hukum Chat GPT: Dapatkah Chat GPT Dituntut? https://t.co/D2gXvdeOVl;negatif
berterimakasih pada dadang ramadhan;positif
Lamar kerja tapi bingung bikin cover latter? Begini aja caranya lebih cepat untuk apply ratusan lamaran sekali gus Tag: #Loker #jobseeker #loker2024 via @_Glasp https://t.co/dLaeuEhRwO;positif
Gpt-4 or Grok;positif
Ye kia bawasir bna dia hy;negatif
@tanyarlfes bahkan chat gpt 4.0 aja bingung ini maksud nya gimana;negatif
GAPAPA JIE AK JG BIASANYA PAKE CHAT GPT ;positif
jie @ jisung liat jie gpt gk mau dipanggil jpt wkwkw https://t.co/SUzuXf10qZ;positif
Bayangin aja biasmu pas update namanya chatjpt. Mana harus nya yg bener GPT lagi . Neo technology bukan kaleng kaleng emang https://t.co/Ly7lVvvqNI;positif
Tiba tiba baru keinget kalo di dunia ada Chat GPT . Kayanya liburannya udah kelamaan .;positif
Curhat sama chat gpt dan jawabannya moreee comforting than human do ;positif
kok bisa kepikiran chat gpt ;positif
Jisung tu ganti nama wv jadi chat gpt ya Lucu banget;positif
@YashasE67835 Bsdk dikh rhi h yeh ya aankhein kharab h? https://t.co/e7TRYv8YOG;negatif
hallo aku open untuk pembuatan essay/artikel (PKn Pancasila &amp;positif
@YashasE67835 3 ball duck for Ropig Bsdk padhni aati h ya Dharavi school me nhi sikhaya https://t.co/Wf2iEO9PjF;negatif
terus lulusan chat gpt;negatif
Dodol kopi!;positif
seperti melihat wording chat gpt;negatif
Nimechoka kujificha mimi ndo huwa najibu maswali yenu pale chat gpt.;negatif
chat gpt use panuvangalo nu kuda thonudhu frands ;negatif
Ibadah Bible Study Gereja GPT Kristus Raja Kalinona Nabire Kamis 8 Februari 2024 https://t.co/pFreMwA5Mm #gerejagptkristusrajakalinonanabire #ibadah #nabire #papua #papuatengah https://t.co/VWjRlZus7o;positif
pas uts pake chat gpt abis tu dimarahin dosen jawab aja gini: Auto E;negatif
chat gpt gpt nya gerak pake tangan ;negatif
not jpt jisungah but 'gpt' ;positif
orang stres mana yg kalo down curhatnya ke chat gpt??? gwlah orang stres tersebut;positif
chat gpt mi uniko real ️️️;negatif
Bno bai https://t.co/1rLIbvnZPC;negatif
Pallo didi ko dard toh bahut hua hai ;negatif
Kira2 selain https://t.co/7msGCbWDQ3 sama Gpt apalagi ya yang bisa di ajak ngobrol?;positif
Chart gpt inaifahamu timu ya makolo bhn nilikua sijui https://t.co/lkgLQ2e7JZ;negatif
TERIMAKASII CHAT GPT https://t.co/0QpYE1z4pg;positif
@sugarcoatedOwO chat gpt si o no;negatif
Gus @cakimiNOW itu memang... https://t.co/xTIhLSRVDk;positif
ah monyed gpt ni ngpo beda dg buku cokk ;negatif
@velmxy GPT simulator;positif
Cak Imin tidur #AMIN menang. https://t.co/ns1C2FA2yN;positif
Subur-subur banget. Apakah pake Thrandual? https://t.co/H72KXfriI4;positif
@NostanStan barbell punyana chat gpt vadi mail draft cheyadam nerchukunnaru anamata;negatif
Makasih chat gpt :';positif
bezir gpt bet apa yg gw pikirin sumpah;positif
Cak Imin tidur saja trending. Bagaimana bila bangun Cak @cakimiNOW ? https://t.co/eklazRHzyF;positif
tengs dam besok ak mau coba chat ke gpt biar dapet validasi juga;positif
Chat GPT Respons Siapa Pemenang Pilpres RI Ini Jawabannya https://t.co/MqgjbMyK2q;negatif
@von_fiki @McMarvoMan @WayneGb88 gpt behavior;positif
hola aku open jasa joki tugas khusus pkn pancasila dan kewarganegaraan ya. membantu: makalah essay/artikel bertema soal essay/pilgan analisa kasus/film ppt dll. pengerjaan manual full parafrase tanpa ai/chat gpt. https://t.co/rXU4nWLAOq #zonauang #jokitugas https://t.co/ghL2AQgD2S;negatif
Jika ekspresi @cakimiNOW adalah acting belaka maka beliau layak dapat Piala Oscar. Jancok aku mbrebes mili cok... #AMIN;positif
@Whizz_ai GPT s;positif
@maziazi_ pelit chat gpt nya ga bagi ;positif
@convomf hampir 6 taun;positif
Panitia kena surcharge gak? ;positif
@YashasE678 Bsdk yeh dekh le;negatif
Mbah @MafiaWasit Catat Mbah!!!;negatif
@0xtksna @tokensets ga bisa diandalkan sih tapi paling tidak bisa memberikan ide dan logic yang jelas hahaha https://t.co/EzQA5lrN8P coba deh main2 pakai custom GPT yg sy buat ini berguna banget untuk analisa hasil backtest Tradingview;negatif
Dhoni Kohli Hardik Jo Bach gya;negatif
@23O4z ga punya partai ;positif
@syukranazmi Ye do tpi lepas dia masuk aew mmng jadi main star sekarang;positif
@SunghoonPAKET KASIAN CHAT GPT LU CHAT TERUS. DRAINED.;positif
@VIVAcoid MAKANYA DISKUSI ATUH DISKUSI;positif
gpt mi brendis;negatif
(Jangan) Kirain contraband. 3 menit baru paham...;positif
@josmarkojos online bisa tanya gpt juga ipk di gundar ga ada artinya cok wkwk;negatif
WKWKWKKWKWKWKWKWKWKWK;negatif
Bang delete Bang. Mental gua kena (kumisnya).;negatif
tiwas mumet2 ternyata cha*gpt membantu banget;positif
@JLozanoA @XochitlGalvez @STaboadaMx HDPM;positif
@pakityooo @Huntersavant Chat gpt merci;negatif
@Whizz_ai GPT s;positif
Halo Aku open joki tugas PKn Pancasila dan Kwn. Bisa bikin makalah artikel jurnal essay soal essay analisa kasus pilgan dll. Dikerjakan manual dengan full parafrase tanpa AI/Chat GPT Testi : https://t.co/EwjpeAQOFy : https://t.co/rXU4nWLAOq #jokitugas #zonauang https://t.co/FA7VCu5tYN;negatif
@crypto_pdk Morning PDK;positif
@bindureddy Gemini ultra =&lt;positif
@TobioTobias Eu pedi p chat gpt ;negatif
@TEKTIAS @gpt_verse Go Tektias !!!!!;negatif
halo aku open joki tugas pkn pancasila &amp;negatif
@Whotfismick @vinoiueo kucing lu ampe masuk mimpi;positif
Pantas GBLA sunyi... ;positif
https://t.co/k9JoPydNjM masih relate dengan peluang digital innovation di indonesia. hasil laporan studi indonesia genz report 2024 tanya jawab bisa dilakukan di custom gpt disini https://t.co/XBvP0RP9lD;positif
@NagaBabuOffl Chat GPT nunchi dengesadu ️;positif
@HormigaXeneize @JMilei gpt bro;positif
@TRANS7 WAKTUNYA PERUBAHAN !!!;positif
@23O4z dpr dpd dprd nya yak?? gua juga blom tau yol paling nyari tau besok malem;positif
halo aku open joki tugas spesialisasi PKn Pancasila dan Kewarganegaraan. bisa bantu tugas;negatif
halo aku juga bisa membuat essay/artikel bertema ya! sudah termasuk parafrase argumentasi opini dan jaminan bebas plagiasi dengan turnitin pastinya. dikerjakan secara manual tanpa ai/chat gpt. testi: https://t.co/tOvUKUmzmZ : https://t.co/Nb39SfhcqC #zonauang #jokitugas https://t.co/fR5mejCN37;negatif
krl q bizarro;negatif
@nct_menfess aku butuh chat gpt yg ini @kiillaao ga akurat atau salah pun gpp;positif
@slyzepithy Liburanku : curhat dan minta didikan dari Chat GPT. Wkwk.;positif
@itsabdulhai gpt 4 tho;positif
@waawawa_00 ni tanya chat gpt ke;positif
Meski sudah diuji coba oleh Tokopedia dan sejumlah perusahaan lain LLM Sea-Lion baru sebuah permulaan dari hal yang lebih besar di ASEAN. https://t.co/GjYRiN1Plx;positif
Kerja Sama: Kerja Paksa: ;positif
Bu Mega pingsan #AMIN menang? https://t.co/rCjaVZQOse;positif
Muhammadiyah langsing-langsing semua! ;positif
@EnzoManis GPT'S;positif
Pekan kemarin milik angka 2. Pekan ini tampaknya milik angka 1. #MasaTenang;positif
@Kit_GPT GM kit;positif
Dia tengah guna chat gpt lah.;positif
MILEY CYRUSSSSSSSSSSSSSS;positif
@unbeleafablee GN Rii!;negatif
malam aku open joki tugas pkn pancasila &amp;negatif
@MariusCrypt0 Fresh codes 8WEFG4FNHY 3ASMKPL7SJ P05N0YLT0C;negatif
 hallo aku open joki tugas pkn pancasila &amp;negatif
@YashasE67835 Dekh le bsdk mast stats h na;negatif
@nfsmbrk sekelompok sama chat gpt aja pong;positif
@anvarxoniy haaa ustadh Google dan ustadh GPT ga o'tdik;positif
GPT3.5 vs GPT4 https://t.co/f76QZ8edS4;positif
GPT3.5 vs GPT4 https://t.co/9IJOh0wj47;positif
GPT3 Phenomenology of Spirit https://t.co/RJvjWBzu2d;positif
Antara sebab kenapa saya agak vokal bab AI dan GPT3 etc sebab tak mungkin apps saya dpt bersaing dgn Notion Slack etc .. tp yg pasti akan dtg akan ada AI utk bantu produktiviti pasukan. Ada juga plan nak integrasi dgn Shopify dan WooCommerce. Kita embrace AI dlm day2day ops https://t.co/VHNpFuu8EO;positif
GPT3 &amp;negatif
Tak lama lagi akan ada ChatGPT4 menggantikan GPT3 yg biasa kita pakai. Dibawah adalah sedikit teaser utk GPT4 https://t.co/VM7XZidsql;positif
GPT3 knows... https://t.co/81Y4WbizpB;negatif
kumpulan apps yang memanfaatkan gpt3 https://t.co/VC38kb9DMt;positif
OpenAI's gpt3 has..... opinions ........... ....... https://t.co/lrOgjirBbd;positif
GPT3 trading vs. investing... ;positif
 Habari za kusisimua katika ripoti ya kila wiki mbili! Sasisho za hivi punde kwenye Mtandao wa Matrix AI ziko hapa! Ripoti ya 1 ya Machi 2023 iko LIVE ! https://t.co/H4G8hbsatg #AI #GPT #gpt4 #gpt3;negatif
 Gundua jinsi MANTA mfumo wa kujifunza wa mashine otomatiki unaosambazwa unavyofungua njia kwa miundo ya kisasa ya AI kwenye Matrix Mainnet. Morpheus ️ utangulizi umefika! https://t.co/ex2A6HIB4U #metaverse #AI $MAN #web3 #gpt3;negatif
Aku sadar kenapa akhir2 ini FOMO banget Karena AI yg maju banget sekarang berbau bahasa: GPT3 lah BERT dkk Sementara Aku Benci NLP ;positif
@antonia_mdprjct @EllliotttB GPT3 hijacking https://t.co/fXlGlidyLb;negatif
Yang membanggakan pinter nulis essay - kalah sama anak kecil yang pinter memanfaatkan AI seperti GPT3 OpenAI. Bikin essay / ulasan - dapat A melulu di sekolahnya menggunakan AI. https://t.co/bHBOALVeyW;positif
mencoba Proof of Concept GPT3 untuk info harga crypto di exchange IndoDax. bisa tanya tentang harga crypto di Indodax dan overview tentang crypto tersebut menggunakan ChatGPT. Disclaimer : Prototype Website ini bukan milik Indodax dan juga tidak didukung oleh Indodax https://t.co/tUKojBSKKH;positif
GPT-3 Orc Simulator... https://t.co/tsG4wZoBPn #GPT3 #AI #NLG #indiedev #gamedev;positif
Bas bhai nahi janna GPT3 vs GPT4;negatif
GPT3.5 vs GPT4 https://t.co/rvYr4BRYN9;positif
@paulbohm @LauraBehrensWu GPT3 (bold me) https://t.co/bTxIqbyQ09;negatif
GPT3 on 2020 (bold me) https://t.co/VSDJt99Aks;negatif
gpt3 buat jering dan anjay dong;positif
gpt3 summarizing kant https://t.co/HPhR7EhzC0;positif
GPT3-2-SQL: https://t.co/gRyhqDF9uD;positif
@aparanjape GPT3 generates similar reviews... https://t.co/MMwlCM77BA;positif
GPT3 attempt at poetry in Catalan #openai https://t.co/NDCCHt3xUu;positif
Tunajua ukiwa unatumia chat GPT3.5 free version inaukomo wa taarifa hadi 2021 Angalia picha hapo nimepa articles nying kuhusu kinachoendelea Open AI na imeweza kujib maswali Endelea na UZI ni rahisi sana nimekuwekea namna ya kuifundisha utapenda sana REPOST FOLLOW $RATIO https://t.co/0kFqRlA1l2;negatif
JAMBO KUBWA LInakuja! #GPT algoriti zinakuja kwenye mainnet ya MATRIX! Endelea Kufuatilia kwa sasisho zaidi! $MAN #GPT3 #AI #web3;negatif
GPT3 has spoken https://t.co/ypBAak0ZOo;positif
gpt4 vs gpt3 https://t.co/3PWqgHCtY8;positif
GPT3 + web3 = ?;positif
Random GPT-3 Nr. 2 - India #GPT3 #RandomGPT3 https://t.co/we6foLe9qz;positif
Random GPT-3 Nr. 1 - Sushi #GPT3 #RandomGPT3 https://t.co/9UGyTNTcep;positif
gpt3 cheerbot;negatif
Menarik ini! konsepnya: 1. Data discrap 2. Diproses menggunakan GPT3+embedding 3. Buatin akun Twitter bot modelan @BigTechAlert yg akan otomatis posting ketika nemuin anomali spt: ada lonjakan kekayaan yg signifikan dalam waktu singkat pada pejabat negara.;positif
OpenAI s GPT-4 #GPT3 #GPT4 #NLP #Transformer #BERT #AI #DeepLearning https://t.co/tDCywR7BZL;positif
@jpeelle GPT3 says: https://t.co/Ack8rvqiTu;positif
@Pelabur_Bijak Ni GPT 1.0.. yg lama punya.. lama dulu punya mmg savage sikit.. siap bg code untuk SQL injection bagai.. GPT3.0 yg skrg.. yg sopan sikit..;positif
Programmer AI sih suka nih. Mau 1000 artikel per hari juga asal ada struktur idenya digenerate pakai GPT3 beres.;positif
gpt3.5 says same https://t.co/OYRzmUQtHj;positif
GPT3 API の wrapper #golang / GitHub - sashabaranov/go-gpt3 https://t.co/8b32Xcl8S1;positif
@conorsen gpt3 knows https://t.co/h7Ks0oFI2C;positif
GPT3 Barnum;positif
GPT-3 #imagines #conversations between 10 #tech #leaders https://t.co/BwR0XtuISZ #fintech #GPT3 #AI #ArtificialIntelligence #MachineLearning #DeepLearning @johnthornhillft @Siftedeu @HaroldSinnott @terence_mills @jblefevre60 @pierrepinna @andi_staub @YuHelenYu @Paula_Piccard https://t.co/dhdBpbgcVc;positif
Penasaran pendekatan bagaimana Q* coba selesaikan soal 5 SD ini. Nyoba di GPT3.5 4 &amp;positif
@spinocylinder GPT3 API ;positif
Gpt3 is Senior Management ;positif
kekekekekek chatGPT-nya masih perlu di training lagi BTW kemarin ngobrol sama Om Johar ... ada GPT3 AI yang keren banget buat bikin lagu dll dkk .;positif
@proetrie Gpt3 ass tweet;positif
gpt3 thepiratebay;positif
Gpt3 ya hace gaslighting;positif
Gpt3 strikes again?;positif
GPT3 meets Dall-E!;positif
Sab se hai yeh pyaara pawa Yeh Lahore ka aik haseen nazaara Akhtar lawa hai yeh Lahore da pawa Sab ke dil mein hai yeh Lahore da pawa Akhtar lawa. PS: Generated using ChatGPT #lahoredapawa #LahoreDaPawaAkhtarLawa #gpt3 #openai;negatif
@menghanyurkan Dua masalah sih: (1) kualitas penalaran gpt3.5 di bawah gpt4 dan (2) karena gpt di-train dengan data digital yang ada dan materi bahasa Indonesia sedikit sekali jadi utk pertanyaan2 serius baiknya pakai prompt bahasa inggris. https://t.co/Sk0NkL6U8M;negatif
#ChatGPT &amp;negatif
GPT3-Excel(Spreadsheet)の罠｜shi3z @shi3z #note https://t.co/nuuUVuktfg;negatif
Jadi kabar gembiranya adalah: Harga GPT3.5 Turbo TURUN lagi sob. Emang kenapa? Artinya kita bisa generate lebih banyak artikel dengan harga lebih murah. Turun harganya OpenAI berefek ke turunnya pula biaya produksi konten. Tapi https://t.co/8xE3uoo4eu;positif
@theojaffee @SpencerKSchiff Gpt2 gpt3 gpt4;positif
Aku rasa instruction aku sama je. GPT3.5 vs GPT4. GPT4 instruction yg sama aku bagi GPT3.5 sekali bagi jawapan dah setel. GPT3.5 kena betulkan banyak kali. Berbaloi bayar? Yes.;positif
@Parsifaler Dr. Sarah GPT3 Walker;positif
@LLaWMaNN GPT4Vision vs GPT3.5 is like Ferrari vs Toyota;positif
@boop gpt3 ass apology;negatif
gpt3 tweet;positif
Cek email kamu. Pkl 8 WIB pagi ini kak Narenda Wicaksono kirim email membahas #GPT3 Apa iya GPT-3 akan gantikan peran programmer?? ;negatif
Kalau gw bikin layanan bikin dossier seseorang berdasarkan summary profil media sosialnya berbasis GPT3 kek chatGPT itu... Bakal laku nggak di kalangan HRD? Bakal ada corporate contracts nggak? Ini semacam Palantir for HRD gitu. Auto crawling auto summarize etc.;positif
@_djpn @sonyasupposedly gpt3 dating profile;positif
@TheDanJimenez @KenFrei . &lt;negatif
@CL207 Gpt3 ai;positif
@BroductManager gpt3 ass tweet;positif
HIRING: OpenAI/GPT3 Expert / AI/ML Developer / Remote https://t.co/Ayxr3L23ng #AI #MachineLearning #DataJobs #Jobsearch #MLjobs #bigdata #DataScience #AIjobs #techjobs #hiring #openAI #remotework #remotejob #mldev #aidevevloper #gpt3 #gptexpert #aiexpert;positif
GPT3.5 → GPT4.0 → GPT365 easy;positif
Kepantasan kemajuan teknologi semakin sukar untuk ditandingi dengan model AI seperti GPT3.5 berkembang menjadi GPT4 dalam tempoh enam bulan sahaja memperlihatkan pengembangan teknologi yang belum pernah terjadi sebelum ini.;positif
@NyandaAmosi @GKeyness Ila Tafta AI ya GPT3 iliokuwa customised kufanya copywritting. I think zitakuwepo by now. Kwa anaejua kuituma hiyo plain gpt3 ndio ataiona impact zaidi. better to learn than ignore.;negatif
@Hilmi_ak Iyaa emangg seruu berbayar ini jadi dapet versi 4. Beda utamanya sebenernya di memori sih kalo di GPT4 tuh dia bisa nginget banyak konteks. Kalo GPT3.5 harus ulang dr nol terus;positif
Kenapa pakai GPT3+embedding? Karena biar bisa mendeteksi anomali dg parameter yg lebih kompleks seperti adanya harga tanah yg gak masuk akal dsb.;positif
GPT3 can do that;positif
p gpt4 murah #zonauang;positif
keren gitu y GPT4 https://t.co/0XN9YIEtC8;positif
Apa ada yang mau ikutan poatungan GPT4 for skripsi or any other purpose;positif
belajar dibantu gpt4 game changing banget asli;positif
ada yg jual GPT4 kah? bisa tawarin ya #zonauang️ #bu #zonajajan;positif
CEO OpenAI Sam Altman mengumumkan penambahbaikan yang signifikan pada model kecerdasan buatan GPT-4 untuk meningkatkan kualiti output dan maklum balas sistem. Baca lagi | https://t.co/3wHRcu2khp #OpenAi #chatgpt4 #SamAltman #GPT4 https://t.co/zSUe6ZP9Is;positif
@rileyarnie Usiniongeleshe https://t.co/A2iLTYpoUd;negatif
Woorkiingg https://t.co/X6kUCudYE0 https://t.co/oqv8OXFn3s;positif
ada yg jual GPT4?;positif
GPT4 / Perplexity https://t.co/7jlJshiuFa;positif
Closed dulu ygy karena takut kena limit query GPT4;positif
gemini or chat gpt4 ?;positif
lupa aku cancel chatgpt bulan lepas so far memudahkan pakai gpt4 selama 9 bulan lepas ni setup llm sendiri plak kena cut cost ‍️;positif
Info de Bing IA (modo GPT4) https://t.co/CyBX2dy1rI;positif
@waiee_z Try pop ai boleh guna gpt4 for free tapi limited la;positif
@JOHNtexx Rudishia Tex simu.;negatif
🆕 #KuCoinMarketWatch - Pembaruan #crypto Anda untuk 5 Februari 2024 ⤵️ CEO #OpenAI memberi petunjuk tentang kemungkinan peningkatan #GPT4 Periksa gambar di atas untuk lebih jelasnya⬆️ Daftar di sini: https://t.co/Zwp4EXdf0w https://t.co/4XcTYHaaBr;positif
@naim__x Ketara ke performance Gemini Pro dan gpt4?;positif
@kukuhtw Hebat banget bahwa kamu menggunakan GPT untuk analisa kecocokkan resume! Kalau kamu tertarik untuk eksplorasi lebih jauh dengan custom GPT-mu cek @TheBestAi_ platform kita. Kamu bisa share kreasi AI-mu dengan komunitas yang bersemangat! #GPT #OpenAI #GPTs #GPT4 #AI https://t.co/vP7a8FfeKL;positif
@ijatajiji Mana lg better gpt4 or yang ni?;positif
@VandanaVankhede Naah dhanda chaupat kar dega ₹9 me GPT4 subscription de kar..;negatif
@sama gpt4.5 superbowl ad rumors legit or nah?;negatif
@catqeel Bayar berapa nak pakai gpt4?;positif
Google Gemini Versi Baru Bard yang Lebih Ampuh dari Chat GPT4 https://t.co/Jf69XEByD2 Google luncurkan Gemini AI multimodal yang lebih canggih untuk berbagai kebutuhan. 8 Februari 2024 6:18 PM #opinipembaca;positif
@favophs reasoningnya slightly better than 3.5 gpt voice seru kalo casual user buat mainan si ok tapi dibatesin per3 jam 25 prompt kalo gw sih yg penting the man behind the gun mau jadiin gpt4 sebagai guide belum tepat jg malah paling worthy 3.5 sebagai assistance;positif
@Edith24232631 @iskndrz00 @Missmeow7777 buta english ke bro ? tu soalan software engineering haha certain data accurate dapat kt tolol mcm hang mmg tak reti fully utilize guwa pakai data gpt4 alhmdulillah dapat geran mdec ehe org bodoh mmg tak pandai guna hihi;positif
@artiqie Sebelum ni kalau suruh generate code lagi useful drpd 3.5 Tapi since bulan lepas gpt4 lagi mengarut dan bnyk free alternative lain boleh guna;positif
@nkhl_kmr GPT4-V;positif
GPT4 sangat membantu dalam mmebuat materi asis ekonometrik https://t.co/Pmh08rYumK;positif
wtb gpt4 akun private drop price di reply yak #zonauang;positif
@mimi10v3 gpt4 vs mistral next https://t.co/vwTaxZliJ4;positif
GPT4 ou Gemini Ultra .;positif
mau gpt4 privat yg ada dong #zonauang;positif
Enfin pris gpt4 Al hamdulillah;positif
@enriqeth @neo GPT4 says https://t.co/HkLyXdZSEN;negatif
Michelangelo David in various styles. #GPT4 #AI #michelangelo https://t.co/VuF3TA9WeJ;positif
Gemini or GPT4? #OpenAI #GoogleAI #gpt4 #gemini https://t.co/XUDtNtjGNI;positif
info yang jual GPT4 private yg bisa langsung jadi sekarang dong #zonauang;positif
GPT4 is GPT2-level hallucinating rn. https://t.co/cnlLs3ENYt;positif
wtb akun chat gpt4 chatgpt+ #zonauang #zonajajan;positif
GPT3.5 &gt;negatif
FYI Gemini ngasih gratis trial 2 bulan buat alternatif GPT4 sejauh ini so so lah.;positif
GPT4 Vision API is mind blowing;positif
iphone indonesia resmi ibox hari ini diskon besar2an harga iphone 13 512GB dari harga 21juta turun ke 15jutaan. apa yg perlu dicurigai dari turunnya harga ini? berikut bbrp alasan harga turun dari gpt4: 1. Peluncuran Model Baru: Apple biasanya merilis model baru setiap tahunnya;positif
GPT4 &gt;positif
@SeedOilDsrspctr GPT4 NGMI : https://t.co/OmnZa6Om8G;negatif
*GPT4 pre 2024;positif
aku mau langganan gpt plus berbayar. patungan 80k aja butuh 5 orang ada yang mauu? kalau minat aku buatin grup whatsApp #zonauang #ChatGPT #zonajajan #GPT4 #patungan;positif
@lynxluna Mantep Kalo aku manggil API gpt4-vision aja https://t.co/qodCW1XSXX;positif
Indonesia ga bakal pakai yg berbayar utk tools yg dipakai bukan utk harian yg pakai GPT4 hanya kalangan peneliti dosen.;positif
aku mau langganan gpt plus berbayar. patungan 80k aja butuh 5 orang ada yang mauu? kalau minat aku buatin grup whatsApp #zonauang #ChatGPT #zonajajan #GPT4 #patungan;positif
@admkuznetsov45 Kalau berbayarnya IDR 309k perbulan(lebih murah dikit dari GPT4). Dah sepaket sama Google one subscribe(2TB storage dll). Gue tertariknya tuh katanya entar mau integrasi gemini sama gmail docs dll bakal bermanfaat banget sih itu.;positif
@MoeedNj GPT4 about Qazi Isa https://t.co/rYJlutqvNC;negatif
mehhhh GPT4 &gt;positif
Brilliant Labs Rilis Kacamata AI yang Mampu Menerjemahkan Ucapan Baca selengkapnya: https://t.co/xj5QIHmBIn #BrillianLabs #Kacamata #Frame #KacamataAI #Noa #GPT4 #OpenAI;positif
@salxcr gpt4 shared 1 month 35.000 https://t.co/fqNLD4E1OJ;positif
gpt4 aja sampe muter disitu mulu;negatif
@BLUECOW009 GPT4 = PT4G;positif
@raihankhan_rk Using Gpt4 api key!!;positif
@CrisGiardina @Teknium1 GPT4.5 soon copium;positif
@affagatolover @malware_yml Achaa De Meko zara gpt4 ka login credentials;negatif
@vrun9876 @SrBachchan Gpt4 on bing;positif
@JackK gpt4&gt;negatif
uniknya pas dites menangnya malah di creative writing lawan gpt4 (ini dulu bard jelek bgt wkwk);positif
@farm3r55 @48pach Si mtu wa Liverpool amesema. ;negatif
@daaniyaan ariyan is gemini better than gpt4?;positif
@MashinaniMedic Ni sunsrise imepata nyinyi nje? ;negatif
@z_alijonov gpt4 ni ozida ham qildim har xil variantlar berdi;negatif
OpenAI hits $2 bln revenue milestone https://t.co/uXv2L56l84;negatif
OpenAI OpenAPI OpenAI API Lots of Open out there;positif
Tidak melampau untuk mengatakan OpenAI mempopularkan penggunaan chatbot kecerdasan buatan (AI) dalam aktiviti harian. https://t.co/B5phFrBUW0 #AWANInews #AWANIpagi;positif
Openai https://t.co/W4ADqul9LC;positif
nokos buat verif openai doonggg #zonauang;positif
openai gotta stop yapping;negatif
Rumor OpenAI x $BAI @Balance_AI;negatif
wtb nomer kosong buat verif openAI #zonauang️;positif
openai bill ;negatif
or from openai import OpenAI;positif
tuhan tidak memberikan hambanya pekerjaan yang tidak bisa mereka kerjakan oleh karena itu tuhan menciptakan manusia yang kemudian menciptakan openAI dan kemudian menciptakan chatgpt. respect god. menyalaa tuhanku ;positif
@ruliemaulana Oh enggak ini ada license masing2. Di web openai dijelaskan kok. Jd mereka ga asal masukin data ke LLM mereka. Twitter atau web pun nanti masuk kategori mn sdh mereka atur. Makanya pas kita sign up Twitter disitu jg diatur bahwa Twitter ada akses ke akun kita. Ini yg digunain. https://t.co/3hNSpePHLa;positif
[GitHub Repo] Scaling #Azure OpenAI using APIM PTUs and TPMs https://t.co/NwATtOVtGH #MachineLearning #ChatGPT https://t.co/mtyki3Q2J7;positif
OpenAI Sedang Membangunkan AI Yang Boleh Mengawal Sesebuah Peranti Bagi Menggantikan Pekerja Manusia https://t.co/CmEPaz8H3l https://t.co/xF0UFwijAN;positif
Saya meminta ke OpenAI untuk mencarikan filsuf-filsuf yang paling serasi dengan kandidat capres 2024 lalu membuat ilustrasi masing-masing dari mereka. Hasilnya adalah Ganjar Pranowo &amp;positif
@cto_junior OpenAI .. https://t.co/fChV9NnxOp;negatif
@lila07215434 dalle3 from openai aka https://t.co/QAQ121ptgj;negatif
OpenAi Microsoft;positif
4. OpenAI Cheatsheet https://t.co/qkw2ekP2Eo;positif
OpenAI hits $2 bln revenue milestone - FT https://t.co/t6lC0iwbS7;positif
OpenAI hits $2 bln revenue milestone - FT https://t.co/QzA74QX2I6;positif
Meta Akan Mulai Memberi Label pada Gambar yang Dihasilkan AI dari OpenAI Google dan Lainnya https://t.co/20ZvcDLgrd #TempoTekno;positif
https://t.co/rfhP4wSHy3 - marketing va umuman IT/Web/SMM sohasida ishlovchilar uchun servis. Hozircha bepul. QR kod Bio-sahifa qisqa havola yaratish va barchasini analiz qilishdan tashqari OpenAi orqali sayt reklama uchun g oyalar generatsiya qilsa bo ladi. Hozircha bepul https://t.co/rDaQSrbBQZ;negatif
Asal usul sound system horeg menurut #chatgpt dari @OpenAI https://t.co/apj3p9MlGY https://t.co/rpdmEe7142;positif
AI Generated Photos stabilityai stable-diffusion-2-1 | OpenAI Dall-E | Midjourney Prompt: Clear weather in Qiqihar China https://t.co/XiUlFA9Lkv;negatif
@GobindSinghDeo Mungkin gov boleh jemput pakar² drp @GoogleAI @AIatMeta @openai @NVIDIAAI @MIT_CSAIL @MSFTResearch @Arm dll bekerjasama dgn pakar² tempatan? Dan hasilkan dasar &amp;positif
openai superbowl ad coming;positif
ada yg jual api key openai? #zonauang #zonajajan;positif
OpenAI larp;negatif
CEO OpenAI : ChatGPT GPT-4 Kini Sepatutnya Kurang Malas https://t.co/vaY6XAoCHK https://t.co/yEDnm4sJzn;negatif
CEO OpenAI Sam Altman mengumumkan penambahbaikan yang signifikan pada model kecerdasan buatan GPT-4 untuk meningkatkan kualiti output dan maklum balas sistem. Baca lagi | https://t.co/3wHRcu2khp #OpenAi #chatgpt4 #SamAltman #GPT4 https://t.co/zSUe6ZP9Is;positif
OpenAI compatibility https://t.co/SATtZUaYbL;positif
Google Bard vs. OpenAI ChatGPT vs. Microsoft CoPilot. Hmmmmm....;positif
OpenAI compatibility · Ollama Blog https://t.co/FtT7q8m5LL;positif
@karimnas_ Apakah ada yang diinputkan ke OpenAI nya sehingga didapat keserasian seperti hasil tersebut?;positif
$wen OpenAi MFA;negatif
OpenAI paper: https://t.co/bJWd2KNPkf;positif
C2PA in DALL·E 3 | OpenAI Help Center https://t.co/7UmWrZtYqx;positif
OpenAI compatibility https://t.co/4vy10iSDof;positif
OpenAI compatibility https://t.co/qMp1NDdiqi;positif
Banyak alat AI yang digunakan dalam pemilu di Indonesia didukung oleh OpenAI kata sembilan staf kampanye senior kepada Reuters. Alat itu termasuk platform Prabowo menurut koordinator tim digitalnya. https://t.co/OSsYKNSjUv;positif
@fkadev @OpenAI @sama @woj_zaremba @gdb OpenAI: ;negatif
$MSFT (+0.5% pre) OpenAI hits $2 bln revenue milestone - FT https://t.co/lLZpwwaZFd;positif
Lalu kenapa Elon Musk keluar dari OpenAI? simak cerita lengkapnya di sini: https://t.co/oFbotWFTbC;negatif
C2PA in DALL·E 3 | OpenAI Help Center https://t.co/gVWz6ynpcs;positif
nah OpenAI is cooked;negatif
@kukuhtw Hebat banget bahwa kamu menggunakan GPT untuk analisa kecocokkan resume! Kalau kamu tertarik untuk eksplorasi lebih jauh dengan custom GPT-mu cek @TheBestAi_ platform kita. Kamu bisa share kreasi AI-mu dengan komunitas yang bersemangat! #GPT #OpenAI #GPTs #GPT4 #AI https://t.co/vP7a8FfeKL;positif
@BilirZeka @fkadev @OpenAI @sama @woj_zaremba @gdb Kes mk ya bilir zeka;negatif
 AI non profit safety organisation https://t.co/DQbLMxGcK0;negatif
Ollama releases OpenAI API compatibility https://t.co/9EtP2JDBMo;positif
OpenAI in ufahdhaa photo thah water mark kuran nimmaifi https://t.co/USi2mLZ9gE;negatif
@LericDax Openai is ngmi;negatif
Embeddings - OpenAI API https://t.co/YdKYn1kLmS;positif
OpenAI akan menambahkan metadata C2PA ke gambar yang dibuat oleh DALL-E 3... https://t.co/wLVJmUpOGn;positif
Ollama now has an OpenAI-compatible API nice! https://t.co/0hXZj1CXNo;positif
Pembangun Rabbit R1 menunjukkan demo Rabbit OS diajar melakukan tugas menggunakan kamera. Apabila sudah dilatih ia kemudiannya melakukan tugasan yang sama semula tanpa pengawasan. #AWANInews #AWANI745 https://t.co/p5kUMc7Def;positif
@christia_wan @neohistoria_id Lho orang openai sendiri mengakui terkait copyright kok. Malah anda blg ga bisa. Pdhl si openai salah satu pembuat AI Bilang ga mungkin sementara ada AI yang menerapkan itu. Apakah sulit membaca artikel dibawah ini? https://t.co/hL5So0whZD;negatif
Sam Altman berkata pihaknya telah menambah baik model AI GPT-4 bagi memastikan ia memberi output dan maklum balas lebih baik berbanding sebelum ini. #AWANInews #AWANIpagi https://t.co/c7mu9iwwh1;positif
OpenAI compatibility https://t.co/3JAxoAjFz6 (https://t.co/zox5fe4DGK);positif
@nobody6090 @unseisocat @larassdwiw OpenAI Midjourney StableDiffusion Dall-E MENGGUNAKAN ASSET TANPA IJIN MENCURI DATA ASSET ORANG. Sok banget no regulation no problem padahal dari tadi sudah dibilang mencolong berkali-kali;negatif
@AlphaOlomi Sio kwa hizo training data walizonazo na wana OpenAI;negatif
@ikoichi OpenAI (aka ClosedAI);positif
Jadi kabar gembiranya adalah: Harga GPT3.5 Turbo TURUN lagi sob. Emang kenapa? Artinya kita bisa generate lebih banyak artikel dengan harga lebih murah. Turun harganya OpenAI berefek ke turunnya pula biaya produksi konten. Tapi https://t.co/8xE3uoo4eu;positif
CEO OpenAI Sam Altman Mengejar Triliunan Untuk Proyek Chips AI yang Luar Biasa https://t.co/4VmSVYos76;positif
🆕 #KuCoinMarketWatch - Pembaruan #crypto Anda untuk 5 Februari 2024 ⤵️ CEO #OpenAI memberi petunjuk tentang kemungkinan peningkatan #GPT4 Periksa gambar di atas untuk lebih jelasnya⬆️ Daftar di sini: https://t.co/Zwp4EXdf0w https://t.co/4XcTYHaaBr;positif
@karimnas_ apakah langganan Chat GPT-4 di openai sangat berguna untuk pekerjaan om karim sehari-hari?;positif
Ollama releases OpenAI API compatibility https://t.co/S9kixfJCsB (https://t.co/A513J6JT77);positif
Mau Bikin Pabrik Chip Bos OpenAI Buka Penggalangan Dana https://t.co/PtJELJEOa0;positif
@zidan6_kalla @BaxodirjonM OpenAI sayti ChatGPT ilovasi;negatif
OpenAI &gt;positif
C2PA in DALL·E 3 | OpenAI Help Center #lernenmitKI https://t.co/FKgojule51;positif
OpenAI compatibility via /r/hackernews https://t.co/qpfIdBUkPU;positif
Meta telah menunjukkan perhatiannya terhadap teknologi ini sejak tahun lalu dengan pembentukan tim GenAI setelah suksesnya model ChatGPT dari OpenAI pada akhir 2022.;positif
@qurewin openAI ka;negatif
@0xMert_ OpenAI or Palantir;positif
Ollama releases OpenAI API compatibility https://t.co/GAb2jo8V3C (https://t.co/Nb16ok1SZW);positif
Anji OpenAI Whisper keren;positif
Google baru-baru ini mengumumkan penambahan fitur generasi gambar AI pada Bard chatbot miliknya sehingga kini dapat semakin bersaing dengan kompetitor terkuatnya ChatGPT Plus dari OpenAI yang telah terlebih dahulu memiliki kemampuan serupa. Artikel: https://t.co/HAGvPr4lO8 https://t.co/x2ctUmA0gH;positif
@mmcevik07 @fkadev @umutbasalt *Openai;negatif
Cc Samsung Apple Google OpenAI;positif
OpenAi ini didirikan pada 2015 setelah Elon bertemu dengan Sam Altman. Dua tokoh Sillicon Valley Elon Musk dikenal sebagai disruptor global sedangkan Sam Altman adalah Presiden Y Combinator.;positif
@PaulBoris_ But but but OpenAI APIs!!!!!!;positif
Ganjar-Mahfud bawa perubahan positif buat keluarga. Ganjar Pranowo hanya yang terbaik untuk rakyat @openai #GanjarMahfud2024 #GanjarPresidenRakyat #Coblos3 https://t.co/GyITJlgeE1;positif
@bitter_daddy Ngga juga. OpenAI itu memanfaatkan API twitter yang bisa akses sebelum dibeli Elon. Makanya sekarang API yang bisa crawling dicharge mahal. Tapi hasil training sebelumnya apa bisa dihapus? Kan ga mungkin...;negatif
@kalestshf hadiir 2k/v untuk openai dan 10k/v untuk wa ya kaak‍️;positif
@MacroAlf OpenAI;positif
Galah un honeypot que usa OpenAI https://t.co/Osp0tnyF4D https://t.co/6wvnqGp5I8;negatif
OpenAI compatibility https://t.co/2HT9e5IeWL #devtalk;positif
@fzzzan Ni aku palatao je ni. Rasanya punca Midjourney OpenAI etc tak release 'next big update' macam API GPT5 etc sebab sama ada: - server tak cukup - kos untuk run model terlalu mahal vs current pricing model server tak cukup ni pon ada 2 issue sendiri rasanya - nvidia tak ;negatif
@ST4R_RU Verif openai 3k sajeeeuu;positif
CEO OpenAI Sam Altman kabarnya sedang menggalang dana untuk membangun pabrik chip AI. Dana yang ingin dikumpulkan jumlahnya sampai Rp 109 kuadriliun. https://t.co/HPeIRlRJTz;positif
@uncannydays Using the openAI API?;positif
OpenAI adalah salah satu provider artikel generator seperti Shuriken https://t.co/zMaEksPOYe Autopost https://t.co/qDLUZHI1qS Dan alhamdulillah baik shuriken maupun autopost support OpenAI.;positif
Tidak tersedia https://t.co/yhnPLV6qJw;negatif
@Quartr_App Long : Kering Ferrari LVMH Short : OpenAI;positif
@michael_vandi @OpenAI Try Gemini;positif
@thetomska goblin -ai -openai -prompt ;positif
@python_deck OpenAI API;positif
Aku sempet terkecoh...tak kirain Asli Ternyata Bener Editan dgn Teknologi AI. Bener2 canggih. Lihat ini kelompok masa peristiwa sama posisi orang dan pakaian nya Fix EDITAN!!! https://t.co/6Gon9G8nm0;positif
[AI &amp;negatif
Apa tidak semakin halu kalo halu ku didukung begini sama teknologi AI https://t.co/6im3NhWtVz;positif
Lagi buka google trends muncul ginian nomor 1 pula. Emang kacau ini teknologi AI harus dikasih aturan jelas dah https://t.co/7Q6FtYFG7p;negatif
Model baru yang dikembangkan oleh para peneliti di University of Waterloo Ontario di Kanada dengan menggunakan teknologi spektroskopi dan AI (artificial intelligence) atau kecerdasan buatan yang dapat mengidentifikasi keberadaan mikroplastik dalam air limbah. https://t.co/R0Qbe3pXOd;positif
Berikut adalah beberapa tips untuk mempersiapkan diri untuk masa depan pekerjaan di era AI: - Kembangkan keterampilan kreatif emosional dan kritis Anda. - Belajar tentang AI dan teknologi digital lainnya. - Bersikaplah fleksibel dan siap untuk beradaptasi dengan perubahan.;positif
Sebenernya penggunaan AI art generator itu sendiri ga salah dan diperbolehkan karena emg perkembangan teknologi. Terlebih seniman manusia juga kan bisa niru gaya seniman lain karena emg gaada karya yg benar orisinal di dunia melainkan gabungan inspirasi ide yang dikreasikan. https://t.co/pylmVx33er;positif
teknologi AI.... TIAN JING;positif
Setujukah kalian kalau AI akan menjadi ladang tempur dan persaingan yang bisa jadi isu utama perang di masa depan? Share pendapat kalian di kolom komentar ya! #ai #artificialintelligence #tiongkok #teknologi #kecerdasanbuatan #infografis #pinterpolitik #politikindonesia https://t.co/3A9rUXRz0T;positif
Kecerdasan buatan (AI) dan blockchain adalah 2 teknologi yg paling disruptif &amp;negatif
Lebih syahdu.. Ngerapihin rekaman pake teknologi AI di Red and Blue album https://t.co/svu2fkNt9k;positif
fuhhh teknologi AI sekarang nampak real ek baran pulak aku;positif
Reported case associated with AI Lupa nak share dgn korang yg baru baru dah ada kes jenayah yang melibatkan teknologi AI. Jemput baca guys. Source : @BreakMyCoffee https://t.co/OUJms80fBl;positif
menyelesaikan disabilitas pake teknologi AI ;positif
Kapan pekerjaan manusia sudah digantikan dengan teknologi AI? Rupanya beberapa perusahaan sudah menggantikan peran manusia dengan robot AI. https://t.co/sVd1ytsOOO;negatif
zaman sekarang ni memang susah nak cari kerja kan? its okay untuk orang yang tengah struggle nak cari kerja i ada satu platform yang boleh membantu korang untuk cari kerja dengan mudah menggunakan teknologi AI.;negatif
Semalam saya bersama YB Tuan Gobind Singh Deo Menteri Digital bertemu Google Malaysia. Langkah memudahcara pelaburan Google adalah sebahagian daripada usaha kerajaan untuk memacu transformasi digital terutamanya dalam pengkomputeran awan dan teknologi AI. Ekonomi digital https://t.co/iXSgAXtt5W;positif
Deep Fake AI ini banyak ditemui di berbagai website dan aplikasi. Namun Sobat Polri harus waspada terhadap Deep Fake AI ini karena banyak orang tidak bertanggung jawab menyalahgunakan teknologi tersebut untuk pelecehan menyebarkan hoax pornografi kejahatan ujaran kebencian https://t.co/5eKTmXNpjS;negatif
Kecanggihan teknologi AI perlahan tapi pasti bisa gantikan peran sejarawan ;negatif
@Naz_lira @rachlannashidik Pak @SBYudhoyono pak @AgusYudhoyono apakh bapak dlm video ini pak sby asli atau apa? Mana tahu pake teknologi AI... mohon jawabannya;positif
Teknologi AI emg anjing https://t.co/HrWYgxmntE;negatif
UMKM sekarang semakin maju lho apalagi kalau udah kenal teknologi AI. Nah mau maju juga? RED AI For Indonesia hadir untuk bantu UMKM semakin dikenal lebih luas lagi lho. https://t.co/aBlqX7AyVK;positif
Teknologi AI kembali memberikan sumbangsih tak ternilai bagi peradaban dunia. Sebuah gulungan papirus yang menghitam akibat letusan Gunung Vesuvius pada tahun 79 Masehi berhasil teridentifikasi oleh AI. Selengkapnya di https://t.co/kCs1DywsXI https://t.co/wAJL9ohZPo;positif
Masa depan keuangan tertulis dalam Kode.... Dapatkan Kode dan Jadilah Sukses di Dunia Digital Baru Teknologi Blockchain Mata Uang Kripto Desentralisasi Keuangan Teknologi Metaverse Kecerdasan Buatan AI dll..... #PiNetwork #PiCoreTeam #GCV https://t.co/oVt3GIcfKX;positif
NAH GITU DR KMREN MINTA TEKNOLOGI IOT AI DRONE TP INTERNET AJA NGGAADA TRS NGATAIN YG MAU BIKIN INTERNET MAUNYA GMN;negatif
sumpah aku ngga against teknologi AI art/chatGPT tapi orang yg keseringan make itu tuh harusnya bukan bangga tapi MALU... have some shame pls ;negatif
Suata itu menggunakan teknologi AI....;positif
Daripada nonton capres debat lebih baik nonton ini: Pesan eyang Soeharto kepada rakyat Indonesia oleh AI Teknologi canggih iso create sesuai karakter asli wkwkwkwwk #AniesFinalStage Coblos Anies Muhaimin 01 https://t.co/p6t5Z2bjtd;positif
Hmmm gimana ya memaksimalkan teknologi AI untuk ngebantu kerjaan jadi lebih mudah? Lalu apakah AI ini se-penting itu di era digital teknologi seperti sekarang? Penasaran kan? Yuk kita ngopi darat bareng @rifqiartstudio di PIM! Kita bakal ngobrol santai tentang Bersahabat https://t.co/rMro3V4hiI;positif
Gw ko ngerasa Bhw bukan ga mungkin suatu saat konsep kampanye Paslon 02 Prabowo- Gibran akan ditiru oleh para paslon Presiden/wakil dari negara tetangga. Mulai dari konsep penggunaan teknologi digital &amp;positif
Pada akhirnya semua bakal belajar pakai AI kemajuan teknologi memang susah dibendung.;positif
PENUHI PERMINTAAN INDUSTRI KAJI WUJUDKAN FAKULTI BERKAITAN AI TEKNOLOGI - MENTERI PENDIDIKAN TINGGI https://t.co/mtDQvui5p7;positif
Di era AI (Artificial Intelligence) banyak sekali penerapan AI di kehidupan sehari-hari. Di bidang teknologi AI sudah lazim diterapkan seperti di smart speaker smart driving car dan ChatGPT.;positif
Dunia paralel? entah algoritma X dah pake teknologi AI dan face recognition atau emang mereka sodaraan ya berhimpun seair dengan air seminyak dengan minyak jika himpunan semestanya emang berbeda tak kan beririsan #AMINAjaDulu https://t.co/fdWGCOV4eT;positif
Speaking of AI art tuh kayanya masih banyak miskonsepsi jir AI itu teknologi baru dan itu baik padahal mah awikwok Sebenernya kalo AI si material buat learningnya gak nyomot dari internet sih gpp;positif
@__imugi Wah gak kekinian nih harusnya kalau dianggap melek teknologi bisa dijawab kebetulan aku pakai AI kak ;positif
Teknologi selalu berubah belajar dan mencoba hal baru menjadikan kita tetap relevan. Google Menyediakan training gratis dan mudah utk dipelajari. Salah satunya : Google Cloud Skills Boost Generative AI for Developers Learning Path langkah awal mengarungi LLM dan Prompt Eng. https://t.co/lswxDuhInl;positif
@starfess Anjir trnyata ai?? Jujur gue gasuka bgt sm teknologi ai. Lebih ga suka ke orang yg salah gunain sihh.. kaya sampe bisa bikin org kena fitnah anjr. Apalagi sm orang yg open commission tapi dia pake ai?? Klo sebagai referensi si oke aja lah tp ini bnr² hsil ainya yg dijual??;negatif
Sebenernya adanya teknologi AI tuh bagus cuman ya namanya manusia pasti ada yg licik jelek;negatif
naon rebut teknologi dr siapa ai maneh;negatif
Menang RM3.3 juta guna AI pecahkan misteri skrol 2 000 tahun #BHsastera Gulungan skrol Yunani itu berada dalam keadaan mudah hancur dan disaluti abu gunung berapi hingga terpaksa imbas dengan CT scan manakala teknologi AI digunakan untuk menyahkodkan tulisan hampir tidak boleh https://t.co/5DSbzekIkz;positif
 Bisa bayar designer grafis ngapain pake AI lah kenapa ga kasih tool AI ke designernya? imagine dengan otak kreatifnya ditambah teknologi AI bakal jadi apa? menyala;positif
@gakusahkepo124 Kesal saja dari dulu sudah disuarakan kenapa AI dalam dunia seni ini problematik. Argumennya selalu perkembangan zaman perkembangan zaman. Padahal perkembangan teknologi juga banyak mempertimbangkan etika dan moral manusia. ;positif
@oeijaja @binus_fess Bukan gak menerima teknologi. Tapi harus diinget lagi teknologi gak semuanya menguntungkan kayak AI ini contohnya. Masih banyak artist yg bisa ngerjain tapi malah pake AI. Itu sama aja lu ngedukung manusia punah digantiin sama robot. Masa harus jadi anak dkv dulu baru bisa relate;negatif
Kadang topik AI art lebih baik gk dibahas brg org batu sok teknologi;positif
@andylauuu @begelaaah @ruliemaulana Haduh AI itu teknologi bukan sih buset dah;positif
@DrZalihaMustafa @kwp_my @DBKL2u @putrajayacorp @LabuanCorp @Kampong_Bharu @MSWP_WIPERS Just nak bagi tau kepada yg jenis tak suka dengan penggunaan Ai ni Ai tu adalah tools bila teknologi berkembang. maka tools yg wujud pon semakin advance. Sembang nanti industri seni tempatan akan jatuh sebab Ai? ada dua option samaada hang adapt atau hang kene tinggal.;negatif
Padahal jadi seniman itu gak gampang ngelukis bikin gambar bikin design itu gak gampang. Tapi kuliah di jurusan yang berhubungan sama hal tsb malah dianggap remeh. Apalagi sekarang ada teknologi AI;negatif
Penyebab Banyak PHK: Teknologi Kecerdasan Buatan (AI) https://t.co/57m7BS8KbK;negatif
Peran Penting Pendeteksi Konten AI dalam Perkembangan Teknologi AI https://t.co/M7Ll82YC05;negatif
#TEKNOLOGI Teknologi AI iPhone Terbaru yang Ramah Privasi dan Data https://t.co/g4P5czpaNd https://t.co/fBUSsdsxaQ;positif
As a person who has mental disability merinding denger pak anies soal hak asasi disabilitas dan itu emg yg kami butuhkan bukan malah AI dan teknologi.;negatif
Pak @SBYudhoyono @AgusYudhoyono ... kalo boleh tahu ini pak sby asli atau apa? Mana tahu pake teknologi AI?;negatif
Raksasa Teknologi Ini Rilis Mesin AI Baru Untuk Edit Foto https://t.co/FzYPdFfkPq https://t.co/JylduihWz9;positif
Tenang 01 gw bantuin... kita harus selalu update dengan teknologi baru jadi AI adalah salah satu teknologi baru itu kita yang harus beradaptasi ...;positif
Pembelajaran bahasa Arab udah banyak banget diperbarui salah satunya pake teknologi. Nah contohnya tuh Artificial Intelligence (AI).;positif
Dukung sektor strategis Indonesia perkuat ekosistem teknologi AI - https://t.co/BrDdUNH6tU https://t.co/1ViC75kLWs;positif
Berikut tiga prediksi yang dianalisa F5 mengenai cybersecurity di tahun 2024: 1. Teknologi Artificial Intelligence (AI) 2. AI akan Memunculkan Celah Baru Malcolm Heath 3. Kompleksitas Sistem Akan Memperumit Keamanan DigitalF5 #jsn #jaringankitabersama #jaringanku #jsnlumajang https://t.co/HW53I6yW1Q;positif
Perkembangan Teknologi AI Kian Masif TKN Prabowo - Gibran: Kita Perlu Siapkan Pekerja dari.. https://t.co/7MhFDMMkBe #TempoBisnis;positif
@ganjarpranowo Penanggulangan resiko pekerjaan yang hilang akibat AI harus ditangani dengan serius. Karena teknologi AGI(Artificial General Intelligence) atau AI yang lebih cerdas dari manusia di estimasi akan muncul sebelum 2030. -AI Engineer @ SORA;negatif
Yaaa mereka aja fine kok yg sono pake AI. Memanfaatkan teknologi senah art AI. Dengkul mu memanfaatkan;negatif
Kekhawatiran saya kedua setelah ketidaktransparanan adalah kepercayaan berlebihan terhadap algoritma AI (dgn lvl teknologi saat ini). Gampangnya gini misal tingkat akurasinya 97% aja itu berarti kemungkinan salah baca data masih 3% dari 800rb-an TPS.;negatif
Kecerdasan buatan (AI) dan blockchain adalah dua teknologi yang paling mengganggu dan transformatif di zaman kita. Kedua bidang telah melihat inovasi dan adopsi yang cepat dalam beberapa tahun terakhir menciptakan kemungkinan dan tantangan baru untuk berbagai domain industri;negatif
Vision pro itu sangat bahaya bagi mata dan semuanya https://t.co/2TDs5zuMRN;negatif
 #SalaviCampaign #AURI dan #ZeroAI menjadi mitra Salavi. Salavi bermitra dengan #0AI dan #AURI. Dukungan kuat 0AI dalam prediksi #AI dan AURI dalam perdagangan teknologi dan seni! Bagikan 20 000 000 $AURI || Klik untuk detail! (https://t.co/0idDDrF0Xg) https://t.co/fzWszMsmrG;positif
Deepfake Bermodal Teknologi AI yang Makin Maju Menyimpan Bahaya https://t.co/4G9AnP3TQj;negatif
hati-hati ya sob sama AI #ai #artificialintelligence #facerecognition #teknologi #canggih #tailor #taylorswiftaylorsversion #fyppppppppppppppppppppppp https://t.co/sNIJaIytit;negatif
Kamu sering membeli barang-barang branded? Sudah yakin barangmu asli? Ternyata teknologi AI juga bisa mengecek keaslian barang-barang luxurymu lho! #YourEssentialPartner #securityandconnectivity #cybersecurity #cybersecuritysolutions #AIEntrupy;positif
#Amsterdam Alicia Framis artis Sepanyol yang terkenal dengan karya provokatif dan eksperimen di Belanda bakal mencipta sejarah sebagai wanita pertama yang berkahwin dengan hologram teknologi AI. https://t.co/1KZqJXQtuq;positif
Potensi AI juga menarik perhatian pihak tidak bertanggungjawab yang menggunakan teknologi itu bagi melakukan jenayah. Kelebihan AI yang mampu meniru ciri-ciri manusia seperti rupa tubuh serta suara menjadikan teknologi ini senjata yang hampir-hampir sempurna dalam jenayah https://t.co/GOWhE50Buu;negatif
Orang muda pertanyaan besarnya di sini: AI akan memanfaatkan data kamu untuk terus berkembang apakah kamu akan memanfaatkan AI untuk berkembang juga ke depan? #ai #chatGPT #teknologi #kecerdasanbuatan #tipskerja #beritateknologi https://t.co/3QDt3HndRI;positif
Prosthetic arm/leg pake teknologi AI? Ini gimana sih konsepnya?;positif
Hi @Spotify @SpotifyMY . Pasca zaman serba AI dan teknologi tak teringin ke nak tambah feature carian berdasarkan komposer dan lyricist? maksudnya bila kita search saari amri terus satu almari lagu tersedia terus. . Hihi...harap pertimbangkan ya..lurve uols;positif
@convomfs Padahal skrg ada teknologi AI mending pake AI daripdan ini ntar ketempelan;positif
anjir ini beneran AI doang? bukan mereka yg nyanyi?? serem banget teknologi bisa semirip itu ;negatif
@napalutong @starfess Deepfake tuh ya pake teknologi AI kak. Btw aku juga tau kok maksud kakaknya.;positif
@pokamiami Ai itu emg bahaya kak beliau nunjukin klo dgn teknologi AI bisa ngebuat komen pujian yg ternyata bisa aja bukan dri manusia tapi dri Ai. Kita semua gk membenarkan surya paloh dalam memakai hal tersebut kok. Kita semua mengkritik beliau.;negatif
Pemerintah Indonesia dan Amerika menjajaki kerja sama perngembangan teknologi kecerdasan buatan AI yang mana dalam rangka tindak lanjut pengembangan ekosistem AI khususnya yang berada di Indonesia. #Pemerintah #Indonesia #Amerika #AS #Kerjasama #Pengembangan #AI https://t.co/2FNISoOcVN;positif
Apple Ingin Vision Pro Pakai Teknologi Milik Brighter AI https://t.co/9gKXd6vErp https://t.co/wWyzPXgliu;positif
